Name,Team,Position1,Position2,Overall,Outside Scoring,Close Shot,Mid-Range Shot,Three-Point Shot,Free Throw,Shot IQ,Offensive Consistency,Athleticism,Speed,Acceleration,Strength,Vertical,Stamina,Hustle,Overall Durability,Inside Scoring,Layup,Standing Dunk,Driving Dunk,Post Hook,Post Fade,Post Control,Draw Foul,Hands,Playmaking,Pass Accuracy,Ball Handle,Speed with Ball,Pass IQ,Pass Vision,Defending,Interior Defense,Perimeter Defense,Steal,Block,Lateral Quickness,Help Defense IQ,Pass Perception,Defensive Consistency,Rebounding,Offensive Rebound,Defensive Rebound,Intangibles,Potential,Total Attributes
Trae Young,Atlanta Hawks,PG,,89,90,95,84,86,88,90,95,79,84,84,50,78,95,75,86,55,90,25,30,28,60,34,96,80,89,80,93,84,94,92,49,31,55,40,37,70,58,70,30,43,35,51,70,94,"2,617"
Clint Capela,Atlanta Hawks,C,,85,67,77,60,25,57,95,85,79,58,57,85,80,92,97,83,73,78,95,80,71,48,69,74,70,35,34,48,30,35,29,71,86,53,38,88,60,86,74,85,96,94,97,75,86,"2,634"
John Collins,Atlanta Hawks,PF,C,84,87,94,90,81,83,80,95,81,71,65,75,85,92,96,84,83,82,95,93,77,75,83,72,85,49,37,60,50,66,33,57,74,49,36,70,57,74,38,60,69,60,77,65,85,"2,744"
Bogdan Bogdanovic,Atlanta Hawks,SG,SF,79,90,87,91,85,89,90,95,75,75,75,63,78,89,67,77,65,78,50,65,62,57,57,62,85,74,74,79,73,79,66,57,51,63,53,47,75,60,60,50,43,33,53,75,81,"2,649"
De’Andre Hunter,Atlanta Hawks,SF,PF,79,84,85,85,78,88,84,85,78,76,78,65,75,90,80,80,64,68,65,70,51,52,51,65,90,62,67,70,69,64,39,71,63,81,70,56,83,78,60,75,50,38,62,80,80,"2,696"
Cameron Reddish,Atlanta Hawks,SF,SG,79,61,62,76,72,82,40,35,77,85,85,52,84,90,65,80,60,73,50,80,43,52,47,52,85,66,68,81,79,69,32,71,55,81,66,51,81,80,80,75,48,41,54,75,80,"2,538"
Danilo Gallinari,Atlanta Hawks,PF,SF,79,84,84,79,84,93,80,85,70,60,60,66,66,85,80,75,71,76,45,75,66,72,74,80,76,62,72,76,60,65,37,59,69,56,40,42,68,70,62,65,51,33,68,645,79,"3,168"
Lou Williams,Atlanta Hawks,PG,SG,76,78,77,74,82,86,70,80,70,80,80,31,72,85,64,77,55,88,25,45,25,60,30,75,88,78,75,87,80,79,71,49,25,60,46,35,74,60,48,45,40,33,47,35,81,"2,375"
Kevin Huerter,Atlanta Hawks,SG,SF,76,81,88,90,82,79,70,75,76,84,78,50,75,85,75,83,51,73,30,65,25,58,35,45,80,72,74,76,72,76,63,55,44,64,56,42,72,63,64,35,42,35,49,90,80,"2,480"
Delon Wright,Atlanta Hawks,PG,SG,76,80,76,65,80,80,96,80,77,73,73,58,69,90,90,84,52,82,25,60,25,46,27,65,85,80,86,86,72,85,71,65,33,75,86,55,75,63,80,55,52,45,58,65,76,"2,595"
Onyeka Okongwu,Atlanta Hawks,C,PF,74,62,84,60,60,64,55,50,78,74,74,70,75,88,85,83,66,70,85,75,54,55,57,52,80,49,51,54,60,50,29,71,79,64,56,83,69,83,65,65,74,77,70,35,82,"2,522"
Gorgui Dieng,Atlanta Hawks,C,,74,79,85,76,78,87,70,75,70,43,46,73,70,91,83,83,67,59,70,64,76,55,72,70,70,41,31,35,31,62,45,63,69,43,70,66,52,80,59,65,69,62,75,45,78,"2,464"
Jalen Johnson,Atlanta Hawks,PF,SF,73,68,74,74,69,63,70,55,78,76,76,68,82,85,80,80,70,81,70,65,66,74,69,53,80,68,68,58,74,69,69,61,66,66,62,60,73,60,57,40,67,64,69,50,81,"2,596"
Timothe Luwawu-Cabarrot,Atlanta Hawks,SF,SG,72,64,53,65,74,81,65,45,75,79,79,42,84,85,78,81,57,78,40,75,35,51,38,55,82,66,75,74,73,74,35,58,55,75,43,37,76,77,54,45,45,40,50,40,76,"2,364"
Sharife Cooper,Atlanta Hawks,PG,,71,69,77,73,68,83,65,50,76,88,88,39,80,80,78,80,47,79,25,40,25,32,25,72,81,82,75,86,88,79,81,54,25,70,46,51,76,64,52,50,50,37,62,40,79,"2,389"
Skylar Mays,Atlanta Hawks,SG,SF,71,78,84,84,75,88,72,65,70,70,70,42,74,92,65,80,52,70,35,45,37,52,37,57,80,68,67,74,67,69,63,60,42,68,70,42,75,69,60,50,48,46,50,55,75,"2,416"
Solomon Hill,Atlanta Hawks,PF,SF,70,71,77,67,72,76,79,55,72,72,44,60,70,90,90,81,59,74,30,65,51,58,51,54,86,55,65,72,65,42,32,61,48,78,46,40,76,76,66,60,48,40,55,45,71,"2,379"
Jayson Tatum,Boston Celtics,PF,SF,89,89,90,85,86,87,90,98,82,79,82,68,82,95,90,80,74,89,50,88,54,68,65,82,95,78,74,86,79,82,70,81,77,89,77,52,87,89,90,85,57,36,78,75,96,"3,025"
Jaylen Brown,Boston Celtics,SF,SG,87,86,89,93,84,76,80,95,83,77,77,69,84,95,95,82,73,90,40,89,52,59,80,82,92,75,75,81,76,82,63,79,70,87,77,55,89,86,83,85,55,44,65,40,90,"2,928"
Robert Williams,Boston Celtics,C,,80,67,93,69,25,63,75,75,77,71,62,83,75,80,85,81,67,79,90,75,60,50,65,44,75,47,37,48,38,55,55,70,76,40,63,96,64,83,78,60,89,91,87,50,79,"2,575"
Al Horford,Boston Celtics,C,PF,80,80,91,77,81,78,70,80,74,53,48,91,69,95,85,78,73,65,75,65,76,84,83,50,84,63,79,50,33,84,70,71,82,68,43,68,67,85,70,85,60,43,77,40,79,"2,701"
Dennis Schroder,Boston Celtics,PG,SG,79,79,75,88,77,84,70,80,79,84,88,46,74,93,90,80,49,80,25,45,25,38,27,65,85,83,85,86,84,85,73,59,34,73,49,40,74,72,67,60,42,33,50,70,80,"2,534"
Enes Kanter,Boston Celtics,C,,77,80,85,77,55,78,98,85,70,62,25,83,60,86,95,82,79,79,85,60,83,83,83,74,85,44,40,50,33,64,33,39,52,26,36,63,28,39,45,25,93,93,93,50,79,"2,452"
Marcus Smart,Boston Celtics,SG,PG,77,67,89,79,77,80,50,25,83,75,82,73,83,93,90,83,50,65,25,50,25,58,78,27,70,67,62,74,74,55,71,83,74,93,76,53,94,90,88,95,43,37,48,30,79,"2,570"
Juan Hernangomez,Boston Celtics,SF,PF,75,75,69,68,78,64,98,75,71,62,62,60,70,80,80,83,65,72,60,70,70,68,63,42,72,52,55,64,47,62,31,55,64,64,37,42,66,62,47,55,64,51,76,98,76,"2,463"
Payton Pritchard,Boston Celtics,PG,SG,74,85,84,73,84,91,95,80,71,75,75,41,66,84,78,81,50,77,25,35,40,46,35,69,75,75,79,79,75,82,61,49,36,60,42,42,74,60,45,35,46,39,52,90,79,"2,439"
Josh Richardson,Boston Celtics,SG,SF,74,75,84,86,76,91,60,55,78,80,80,57,72,95,80,83,54,75,50,78,30,48,32,40,80,68,69,78,79,68,45,74,69,87,49,51,85,82,82,85,44,41,47,70,77,"2,596"
Grant Williams,Boston Celtics,PF,C,74,64,89,70,80,55,60,30,73,58,60,73,66,88,85,80,59,60,50,60,59,58,66,40,81,59,69,66,54,72,34,61,68,58,42,58,70,69,60,65,53,48,57,65,74,"2,397"
Aaron Nesmith,Boston Celtics,SF,SG,72,71,68,70,77,70,80,60,68,61,62,52,67,87,65,81,53,69,35,55,41,53,39,54,76,59,69,70,60,65,29,52,35,65,38,52,66,72,52,35,57,47,67,95,79,"2,318"
Bruno Fernando,Boston Celtics,C,,71,55,53,65,42,55,65,50,80,74,74,85,75,85,85,80,69,75,80,78,64,63,65,50,75,50,52,50,50,65,31,53,64,44,36,51,60,65,62,40,75,64,86,25,74,"2,357"
Romeo Langford,Boston Celtics,SG,SF,69,62,71,72,75,72,45,35,76,81,81,42,81,92,75,80,55,73,35,65,35,58,37,54,80,65,70,79,78,69,31,54,42,65,37,56,76,69,50,35,48,48,47,80,75,"2,346"
Brodric Thomas,Boston Celtics,SG,SF,69,65,69,73,70,70,60,50,71,70,70,44,81,80,72,80,54,69,45,75,34,42,45,40,85,59,57,69,63,60,44,60,54,70,53,68,77,68,54,35,44,37,51,75,71,"2,330"
Sam Hauser,Boston Celtics,SF,PF,68,72,70,77,82,89,65,50,71,61,61,66,62,85,85,80,52,60,40,60,44,45,45,35,85,49,50,43,55,60,38,48,48,55,32,49,62,52,44,45,50,47,52,50,73,"2,202"
Kevin Durant,Brooklyn Nets,PF,SF,96,95,97,98,89,88,98,98,81,80,80,63,77,94,85,88,86,95,60,85,76,88,89,94,98,82,78,92,80,88,73,75,68,85,47,73,85,85,75,85,70,60,79,85,98,"3,156"
James Harden,Brooklyn Nets,SG,PG,92,92,92,90,86,86,98,98,89,87,87,71,87,98,97,95,79,96,35,84,60,84,75,98,98,90,78,97,86,98,91,65,62,70,46,57,75,63,82,65,57,37,77,75,95,"3,056"
Kyrie Irving,Brooklyn Nets,PG,SG,91,93,97,98,84,93,90,98,79,85,85,37,81,97,87,80,63,95,25,30,35,70,64,89,96,87,88,99,85,89,74,64,32,73,56,56,76,75,86,60,47,41,53,65,92,"2,816"
LaMarcus Aldridge,Brooklyn Nets,C,PF,79,84,83,90,79,84,95,70,68,43,46,87,62,75,80,80,78,70,70,69,87,89,87,62,92,49,55,42,38,70,42,62,74,48,35,72,52,77,70,65,53,40,66,30,87,"2,563"
Paul Millsap,Brooklyn Nets,PF,C,78,73,93,66,76,72,70,60,76,59,45,87,66,95,89,91,77,73,70,70,77,84,83,60,95,61,61,70,59,74,43,77,82,78,66,70,77,80,80,80,66,62,70,35,81,"2,749"
Patty Mills,Brooklyn Nets,PG,,78,84,84,85,82,90,85,80,74,83,83,51,66,82,70,82,42,76,25,25,25,37,25,50,73,77,79,86,83,84,52,50,27,65,40,30,72,61,61,40,35,30,40,90,77,"2,376"
Bruce Brown Jr.,Brooklyn Nets,SG,SF,77,75,87,76,65,74,75,75,81,76,78,75,80,92,80,84,56,80,30,70,28,34,42,65,95,69,79,77,74,75,39,68,58,77,56,56,77,79,75,65,68,67,68,95,78,"2,656"
Joe Harris,Brooklyn Nets,SF,SG,76,87,91,80,90,77,95,90,72,69,69,40,67,90,85,83,49,66,25,45,30,48,32,55,88,64,72,73,67,74,36,53,34,66,37,40,69,58,63,55,43,36,50,95,79,"2,419"
Blake Griffin,Brooklyn Nets,C,PF,76,75,82,45,79,74,98,70,81,68,71,85,85,95,75,88,74,78,85,80,74,74,76,42,85,71,75,77,66,74,65,57,73,59,41,51,65,70,40,55,55,41,68,80,79,"2,688"
Nicolas Claxton,Brooklyn Nets,C,PF,76,69,80,64,67,50,80,70,76,63,62,71,79,90,89,80,73,75,80,75,72,64,72,66,80,43,40,49,44,48,32,65,74,64,56,88,64,72,44,55,73,66,80,60,79,"2,544"
DeAndre’ Bembry,Brooklyn Nets,SG,PF,74,68,86,55,64,69,75,60,73,70,70,60,72,85,75,82,64,78,45,75,40,51,60,72,90,73,75,78,67,82,61,69,52,75,74,58,74,70,85,60,51,42,59,65,74,"2,585"
Jevon Carter,Brooklyn Nets,SG,PG,73,75,64,82,80,81,77,65,75,76,78,60,71,85,76,81,44,75,25,35,32,34,30,40,80,70,75,79,76,70,50,65,34,79,59,51,83,72,75,70,46,37,54,85,75,"2,451"
James Johnson,Brooklyn Nets,PF,C,72,65,75,60,63,63,70,60,76,67,55,80,72,84,94,83,70,79,60,75,59,63,73,55,95,65,70,74,60,70,49,72,74,74,59,77,74,75,80,65,52,41,63,45,74,"2,609"
Cameron Thomas,Brooklyn Nets,SG,SF,71,74,74,75,76,87,70,60,74,77,77,54,79,86,65,80,65,77,50,75,58,70,45,70,74,58,59,78,70,52,30,51,41,59,44,30,75,59,58,40,34,30,37,60,81,"2,382"
Day’Ron Sharpe,Brooklyn Nets,C,,71,49,70,49,29,50,60,35,75,61,61,79,73,80,90,80,59,71,75,70,48,35,48,44,80,56,62,58,38,66,58,60,69,60,38,70,60,69,55,60,78,83,73,50,79,"2,336"
Kessler Edwards,Brooklyn Nets,SF,PF,69,67,70,72,79,80,60,40,64,72,72,77,70,80,75,--,59,68,60,65,50,50,50,45,80,54,50,64,59,64,32,58,59,63,40,51,70,67,66,45,50,48,51,40,--,"2,184"
LaMelo Ball,Charlotte Hornets,PG,SG,87,83,79,84,81,78,80,95,79,84,84,50,79,91,85,82,68,89,45,65,52,58,52,84,98,86,89,86,84,94,78,72,45,78,83,51,83,77,89,70,58,47,69,60,94,"2,872"
Miles Bridges,Charlotte Hornets,PF,SF,83,81,82,55,82,86,94,85,79,75,72,73,82,88,75,85,74,79,60,91,59,60,80,80,79,65,66,76,71,69,43,58,60,59,38,67,76,62,59,45,59,47,70,75,81,"2,686"
Gordon Hayward,Charlotte Hornets,SF,PF,82,84,84,81,84,86,80,90,78,80,77,63,75,88,86,78,65,80,40,75,40,65,58,70,91,75,74,77,77,79,69,62,56,73,49,47,76,73,58,65,52,37,66,95,85,"2,727"
Terry Rozier III,Charlotte Hornets,SG,PG,81,89,91,83,84,83,95,95,81,82,82,62,81,92,87,82,63,82,40,70,45,53,48,74,95,81,83,86,82,85,70,61,55,75,53,51,77,59,65,50,45,35,54,95,82,"2,763"
Mason Plumlee,Charlotte Hornets,C,,79,71,84,60,58,67,80,75,71,57,41,73,75,78,92,83,77,79,80,80,75,70,70,79,81,61,75,37,50,72,70,62,74,46,42,68,48,77,68,75,82,73,90,55,79,"2,636"
P.J. Washington,Charlotte Hornets,PF,C,78,75,74,60,81,75,77,80,76,75,75,68,69,85,80,79,69,74,65,80,62,65,69,60,80,59,55,70,63,60,46,60,62,52,49,80,67,64,62,40,61,50,71,98,82,"2,604"
Kelly Oubre Jr.,Charlotte Hornets,SF,SG,77,75,78,65,75,70,88,75,79,72,82,58,95,90,75,84,59,85,40,84,35,42,33,69,80,66,70,78,69,80,32,63,49,74,46,62,76,70,75,50,58,51,64,90,78,"2,589"
James Bouknight,Charlotte Hornets,SG,,74,74,75,72,74,81,70,70,80,87,87,54,90,87,75,80,57,78,35,85,30,37,38,71,82,68,69,80,84,68,40,59,44,69,69,30,80,68,69,40,49,44,54,90,82,"2,538"
Jalen McDaniels,Charlotte Hornets,SF,PF,74,72,77,70,77,71,75,60,74,73,73,60,73,80,80,80,62,67,60,65,62,68,59,50,68,56,55,62,69,59,36,52,59,55,43,61,60,55,50,35,57,51,63,98,75,"2,434"
Cody Martin,Charlotte Hornets,SF,SG,74,70,74,57,71,58,90,70,72,58,58,58,75,85,90,80,56,82,25,75,55,44,38,55,75,63,64,70,57,69,54,59,48,62,63,53,66,67,65,50,59,57,61,60,74,"2,413"
Ish Smith,Charlotte Hornets,PG,,73,69,85,79,77,55,65,50,74,87,87,32,70,80,78,83,45,79,25,30,25,32,25,62,81,83,86,86,87,85,72,55,25,74,46,51,77,64,52,50,50,37,62,55,73,"2,369"
Kai Jones,Charlotte Hornets,C,,72,66,68,69,69,69,60,60,72,66,66,65,69,84,75,80,53,64,80,80,41,40,40,42,37,42,38,35,57,48,30,66,78,47,42,77,65,84,67,65,73,75,70,50,80,"2,332"
Vernon Carey Jr.,Charlotte Hornets,C,PF,72,75,84,73,63,74,92,65,71,49,49,83,72,82,80,85,69,57,80,70,69,62,67,78,68,40,39,44,37,52,27,52,66,36,30,81,44,62,52,45,64,52,76,65,76,"2,386"
Nick Richards,Charlotte Hornets,C,,71,51,66,69,25,73,45,25,76,72,70,65,75,81,85,84,59,62,80,80,44,47,40,40,80,38,37,35,49,36,31,55,73,47,30,76,52,75,40,50,72,76,68,35,75,"2,193"
J.T. Thor,Charlotte Hornets,PF,,70,65,71,70,69,74,65,40,78,84,84,50,82,85,80,80,65,70,55,70,67,66,68,45,80,64,65,60,69,66,62,62,65,63,60,68,64,62,62,50,57,50,64,45,77,"2,507"
Scottie Lewis,Charlotte Hornets,SG,,69,65,70,69,73,68,70,40,80,96,96,52,82,75,80,80,54,74,45,80,31,29,38,52,80,68,70,74,82,62,52,53,40,62,46,56,76,57,44,45,61,50,72,50,78,"2,396"
Arnoldas Kulboka,Charlotte Hornets,PF,,69,72,72,70,80,80,70,60,67,62,62,45,74,80,65,80,51,70,40,65,35,38,30,45,85,54,54,68,56,55,38,47,49,54,46,37,54,52,40,40,54,43,65,50,77,"2,186"
Zach LaVine,Chicago Bulls,SG,SF,88,88,85,91,86,85,85,98,82,84,84,44,97,98,85,83,71,93,60,95,44,58,38,84,95,80,77,87,81,82,71,54,49,65,38,51,71,64,45,50,48,35,60,90,89,"2,777"
DeMar DeRozan,Chicago Bulls,SF,PF,88,87,92,93,67,89,85,98,86,82,82,73,88,98,85,91,78,87,55,84,65,78,87,70,94,79,75,83,80,79,77,63,50,73,41,40,76,74,82,65,44,35,53,70,87,"2,883"
Nikola Vucevic,Chicago Bulls,C,,83,86,94,83,83,84,80,90,72,62,46,89,45,95,92,77,83,78,85,65,89,84,88,78,98,60,82,35,32,82,70,56,76,41,41,57,49,74,57,55,81,69,92,70,85,"2,752"
Lonzo Ball,Chicago Bulls,PG,SG,82,77,76,73,81,79,80,75,78,85,85,52,80,93,70,80,55,79,30,75,35,44,40,50,84,84,88,86,85,89,72,78,60,86,79,56,86,85,90,85,49,35,62,70,86,"2,746"
Alex Caruso,Chicago Bulls,PG,SG,79,67,65,60,82,66,70,60,74,82,82,31,72,85,85,81,52,78,35,75,30,43,29,55,68,76,78,78,82,77,66,74,31,86,80,51,85,85,86,85,48,39,57,50,76,"2,526"
Coby White,Chicago Bulls,PG,SG,78,78,76,85,78,91,85,55,80,85,85,56,81,90,85,80,56,77,30,65,34,45,49,65,80,79,77,86,84,77,70,55,49,64,36,40,77,66,64,45,45,32,58,85,80,"2,567"
Javonte Green,Chicago Bulls,SG,SF,75,72,80,70,76,67,65,75,73,72,74,46,85,80,75,82,53,74,25,85,30,32,28,69,80,60,60,72,69,68,29,63,50,68,70,51,69,65,80,50,53,55,51,85,72,"2,434"
Patrick Williams,Chicago Bulls,SF,PF,74,76,79,85,81,73,70,65,75,70,70,64,77,88,75,81,55,68,60,65,44,42,40,40,80,58,60,70,64,62,32,67,70,76,46,60,74,80,65,65,53,43,62,70,83,"2,499"
Derrick Jones Jr.,Chicago Bulls,SF,PF,74,70,77,65,77,64,77,60,79,77,76,59,93,83,90,78,67,74,85,94,40,37,49,66,90,55,65,68,61,54,29,58,60,59,42,76,71,60,68,30,53,55,51,80,75,"2,515"
Alize Johnson,Chicago Bulls,PF,SF,74,67,68,72,69,74,85,35,67,54,55,60,53,80,80,85,63,72,70,70,57,54,64,40,80,58,64,68,50,65,42,54,64,44,41,62,64,63,55,35,90,90,89,85,74,"2,432"
Tony Bradley,Chicago Bulls,C,,74,60,84,66,26,67,65,50,68,51,42,82,51,80,90,80,72,74,75,60,72,62,79,65,85,43,44,44,33,58,36,57,72,35,37,78,54,70,58,55,86,86,85,25,74,"2,350"
Ed Davis,Chicago Bulls,C,PF,73,49,74,52,25,62,50,30,72,65,38,78,75,80,85,81,60,60,75,69,60,57,55,42,63,43,32,45,38,60,38,59,67,40,63,77,54,67,55,50,89,90,87,40,77,"2,256"
Ayo Dosunmu,Chicago Bulls,PG,SG,71,67,73,78,74,78,60,40,74,76,76,52,75,85,75,80,54,72,25,75,35,50,42,45,87,69,66,75,73,66,65,60,38,69,40,51,78,68,69,65,49,37,60,70,77,"2,420"
Matt Thomas,Chicago Bulls,SG,PG,71,76,72,81,80,90,75,60,70,64,63,40,64,90,85,85,54,67,35,55,40,52,40,48,92,58,60,67,59,66,36,47,48,51,32,25,61,57,55,45,46,36,55,80,74,"2,285"
Troy Brown Jr.,Chicago Bulls,SF,SG,71,67,78,69,67,71,69,45,73,70,71,58,69,85,80,81,60,70,30,70,54,59,54,65,80,64,75,77,61,75,33,60,48,72,36,50,78,72,71,55,57,46,68,50,74,"2,436"
Tyler Cook,Chicago Bulls,PF,SF,71,62,77,67,30,48,82,70,75,69,67,66,78,80,80,84,61,60,75,70,57,50,50,50,72,51,42,64,49,65,33,45,59,40,35,25,49,55,55,40,70,70,70,85,71,"2,289"
Marko Simonović,Chicago Bulls,C,PF,70,73,78,70,74,78,85,55,63,46,46,55,59,78,80,80,68,70,70,65,65,67,67,63,75,48,57,49,38,58,37,49,55,45,35,64,37,55,65,35,69,69,69,40,74,"2,308"
Devon Dotson,Chicago Bulls,PG,,69,67,68,70,71,80,60,55,82,91,91,52,81,95,85,80,48,74,25,75,27,35,25,44,75,73,70,76,91,70,60,51,37,60,60,27,70,52,64,35,56,52,59,40,73,"2,355"
Jarrett Allen,Cleveland Cavaliers,C,,83,77,85,69,59,71,85,90,80,75,72,84,79,88,80,82,75,74,85,75,66,60,74,78,85,36,25,35,35,48,36,65,82,41,35,81,53,83,67,80,83,78,87,70,83,"2,635"
Evan Mobley,Cleveland Cavaliers,PF,C,82,69,82,72,61,70,65,65,78,72,72,68,81,88,85,80,75,80,85,80,76,62,70,65,85,63,67,60,66,65,58,68,74,62,52,84,69,75,52,75,79,80,78,40,93,"2,714"
Darius Garland,Cleveland Cavaliers,PG,,82,87,86,74,83,85,98,95,81,88,88,40,84,95,95,80,57,84,25,65,32,37,42,74,95,85,83,88,88,89,79,52,31,65,53,32,78,66,50,40,37,32,41,95,86,"2,641"
Collin Sexton,Cleveland Cavaliers,SG,PG,79,87,92,76,81,81,93,98,84,89,88,58,84,95,90,81,58,88,30,75,25,38,28,88,95,80,78,86,87,76,71,56,45,67,42,35,76,67,69,50,41,40,42,80,84,"2,668"
Ricky Rubio,Cleveland Cavaliers,PG,,79,75,74,74,71,87,80,65,68,75,75,27,60,88,73,80,44,74,25,25,25,40,26,54,86,82,84,86,75,88,78,63,32,78,80,30,79,76,70,60,45,33,56,85,79,"2,453"
Kevin Love,Cleveland Cavaliers,PF,C,78,81,88,70,80,81,85,80,73,66,38,77,70,88,96,77,76,72,75,50,77,85,85,73,90,58,65,52,33,77,62,54,69,50,41,32,54,75,57,50,66,40,91,40,83,"2,574"
Lauri Markkanen,Cleveland Cavaliers,PF,SF,78,82,89,71,81,84,90,75,67,63,60,61,62,85,58,80,75,68,70,70,73,74,74,82,85,52,55,65,42,70,30,53,66,49,37,50,55,66,54,45,57,40,74,90,81,"2,524"
Isaac Okoro,Cleveland Cavaliers,SF,SG,74,64,73,60,73,73,75,30,79,77,77,67,80,89,80,82,61,76,45,75,47,49,50,55,88,63,66,72,73,66,36,63,60,78,42,50,83,70,57,65,42,41,43,95,83,"2,501"
Cedi Osman,Cleveland Cavaliers,SF,PF,74,66,69,74,72,78,60,40,73,71,70,59,70,85,80,75,56,76,46,61,38,58,51,39,75,71,75,75,69,70,66,63,65,76,49,37,76,70,65,65,47,38,56,50,72,"2,421"
Dylan Windler,Cleveland Cavaliers,SG,SF,73,78,86,79,78,83,76,65,70,68,69,55,75,80,65,80,51,76,35,50,32,44,44,47,80,61,62,74,67,64,38,54,42,60,53,61,65,57,60,35,61,46,75,90,76,"2,392"
Denzel Valentine,Cleveland Cavaliers,SF,SG,72,81,81,78,77,84,92,75,71,64,61,58,65,88,75,85,49,66,40,35,35,52,58,40,69,67,75,75,62,69,53,51,60,50,43,37,65,47,72,30,55,38,72,55,76,"2,357"
Dean Wade,Cleveland Cavaliers,PF,,72,74,67,68,79,78,85,65,73,62,62,60,83,80,85,79,66,60,80,75,60,60,64,60,70,47,38,60,43,55,37,54,50,44,42,55,58,70,68,45,54,41,67,65,73,"2,393"
Tacko Fall,Cleveland Cavaliers,C,,71,54,68,48,30,40,90,50,52,25,25,79,27,70,55,80,58,69,85,65,50,47,50,49,45,38,44,40,25,54,28,51,70,25,30,88,25,74,48,45,82,79,84,95,76,"2,077"
Lamar Stevens,Cleveland Cavaliers,PF,SF,71,68,80,74,59,72,60,65,80,79,79,60,91,80,90,80,65,70,65,80,61,58,64,35,86,57,62,67,69,55,34,57,60,62,49,62,68,60,56,40,59,51,67,50,71,"2,471"
Kevin Pangos,Cleveland Cavaliers,PG,,70,73,68,75,79,84,85,45,71,73,73,48,69,85,66,80,45,78,25,45,26,32,26,44,85,76,80,78,70,80,70,51,37,60,44,31,71,60,62,45,36,34,38,85,73,"2,309"
Luka Doncic,Dallas Mavericks,PG,SF,94,90,97,95,86,73,90,98,84,83,83,70,72,98,98,85,79,95,55,70,64,69,82,96,98,90,85,94,83,97,91,63,48,73,42,55,75,73,69,65,60,38,82,90,99,"3,016"
Kristaps Porzingis,Dallas Mavericks,C,PF,82,83,85,83,80,85,85,80,77,66,65,74,78,94,85,77,84,78,90,75,83,88,87,75,98,50,50,68,56,40,36,65,78,56,33,80,62,82,60,65,72,59,85,50,89,"2,760"
Tim Hardaway Jr.,Dallas Mavericks,SF,SG,79,82,84,75,84,81,90,80,75,68,72,55,78,85,83,83,58,70,35,78,36,53,38,82,71,69,75,78,68,84,39,53,45,70,35,37,75,63,58,40,42,30,53,95,79,"2,505"
Jalen Brunson,Dallas Mavericks,PG,,78,85,91,90,82,79,82,85,74,82,82,42,69,85,78,81,59,86,40,50,50,56,50,65,75,82,84,86,81,88,70,53,55,70,37,27,78,65,55,35,46,34,58,55,78,"2,556"
Moses Brown,Dallas Mavericks,C,,77,60,68,46,26,62,92,65,65,42,40,74,75,83,60,80,64,76,75,60,52,42,64,68,75,41,44,44,35,58,26,60,72,52,46,82,54,72,58,45,90,93,87,85,78,"2,356"
Dorian Finney-Smith,Dallas Mavericks,SF,PF,76,77,71,71,83,80,79,75,74,67,67,62,83,80,80,81,55,67,40,84,47,40,40,48,72,53,65,60,44,61,33,68,72,79,41,51,79,74,74,70,56,53,58,85,76,"2,492"
Maxi Kleber,Dallas Mavericks,PF,C,76,71,75,79,85,92,60,35,67,45,38,79,56,85,85,80,67,70,75,75,67,67,64,40,80,56,70,64,45,68,32,66,74,72,36,63,69,75,68,70,56,44,68,80,76,"2,506"
Dwight Powell,Dallas Mavericks,C,PF,76,71,67,65,60,76,80,80,76,71,48,80,67,90,95,83,77,70,75,65,77,79,79,83,90,52,55,60,44,64,37,63,74,45,53,68,58,68,74,65,68,67,68,40,75,"2,595"
Trey Burke,Dallas Mavericks,SG,PG,75,85,88,88,80,88,81,85,74,80,80,41,70,85,85,80,47,74,25,30,28,45,35,55,85,76,80,86,80,84,49,53,48,63,56,42,68,54,60,35,35,31,38,75,75,"2,432"
Willie Cauley-Stein,Dallas Mavericks,C,,75,63,75,37,49,63,85,70,78,70,64,77,75,85,88,84,73,75,85,70,79,55,65,73,84,48,68,35,32,75,30,65,76,51,38,82,65,78,62,65,71,65,77,30,75,"2,512"
Reggie Bullock,Dallas Mavericks,SG,SF,74,84,77,89,83,89,97,70,69,63,67,50,72,80,70,80,50,71,40,50,30,51,42,50,66,62,75,71,56,72,34,53,50,56,41,37,65,63,50,60,41,29,53,75,75,"2,349"
Boban Marjanovic,Dallas Mavericks,C,,74,71,83,70,63,77,75,55,49,25,25,71,40,70,45,65,65,50,95,60,69,60,76,70,40,37,60,35,25,35,31,53,73,30,20,61,35,65,73,65,91,88,93,50,75,"2,198"
Frank Ntilikina,Dallas Mavericks,PG,SG,72,71,59,79,77,86,75,50,74,80,82,47,70,81,80,80,48,65,30,45,32,48,40,39,85,71,77,86,80,77,35,69,35,82,80,51,82,80,70,70,40,35,45,30,76,"2,421"
Sterling Brown,Dallas Mavericks,SF,SG,72,70,67,67,82,81,75,50,69,70,71,54,65,81,65,79,59,71,40,75,50,51,45,52,85,64,75,76,58,75,36,55,37,69,43,47,74,58,64,45,54,41,67,75,74,"2,390"
Josh Green,Dallas Mavericks,SF,SG,71,69,70,68,77,78,68,50,78,86,86,60,80,84,70,83,49,70,30,75,35,34,30,40,75,59,60,70,72,60,35,60,35,75,53,40,81,79,55,60,58,60,56,50,79,"2,369"
Jaquori McLaughlin,Dallas Mavericks,SG,PG,68,68,73,74,80,80,50,50,71,74,74,46,70,80,75,80,56,76,35,69,30,61,49,45,84,68,75,74,67,70,55,52,34,50,68,55,70,50,47,40,40,36,43,50,73,"2,312"
Eugene Omoruyi,Dallas Mavericks,SF,SG,68,60,65,68,73,74,50,30,70,70,70,52,75,80,65,80,58,70,40,65,57,57,57,45,69,62,65,70,63,62,50,60,54,70,72,47,72,68,40,55,58,52,63,30,73,"2,318"
Nikola Jokic,Denver Nuggets,C,,95,90,98,96,84,86,80,98,77,63,62,93,63,97,80,83,90,91,90,75,94,95,95,90,90,83,93,76,60,98,87,60,70,61,56,70,37,71,56,55,73,64,82,70,95,"3,004"
Jamal Murray,Denver Nuggets,PG,SG,85,86,94,79,84,84,85,90,79,79,79,54,80,95,85,78,65,90,30,82,38,46,74,78,84,82,90,88,77,84,70,64,35,79,56,42,78,75,75,70,44,37,51,70,87,"2,752"
Michael Porter Jr.,Denver Nuggets,SF,SG,81,87,93,89,87,78,88,85,79,80,81,68,88,88,80,66,69,84,60,80,50,62,68,65,80,63,65,78,77,62,31,59,60,64,37,67,73,60,68,40,65,52,78,90,88,"2,710"
Aaron Gordon,Denver Nuggets,PF,SF,79,69,82,69,78,65,65,55,82,71,67,72,92,95,90,84,76,72,95,95,58,60,74,60,95,64,65,62,66,60,66,68,74,76,40,62,76,75,68,75,61,55,66,60,78,"2,718"
Will Barton,Denver Nuggets,SG,SF,78,78,69,76,81,79,90,75,75,75,75,54,74,82,85,80,60,79,40,83,32,59,45,60,82,72,75,79,73,77,55,64,33,80,42,52,81,80,65,75,46,37,55,95,77,"2,606"
Monte Morris,Denver Nuggets,PG,SG,77,84,78,79,83,79,98,85,75,83,83,41,72,85,80,81,51,79,25,50,28,45,32,70,80,84,94,86,83,94,65,51,44,62,42,51,70,52,55,35,38,30,45,85,78,"2,507"
Facundo Campazzo,Denver Nuggets,PG,,76,81,77,74,80,85,95,75,72,72,72,49,58,80,95,80,46,72,25,25,43,40,35,50,81,77,82,79,70,86,70,70,40,78,83,50,79,82,86,65,41,34,47,95,77,"2,566"
JaMychal Green,Denver Nuggets,PF,C,75,78,80,60,81,83,90,75,72,59,55,69,74,85,80,81,68,69,70,70,63,56,64,66,88,45,55,35,44,61,32,55,69,51,38,58,62,69,60,35,70,66,74,85,76,"2,488"
Jeff Green,Denver Nuggets,PF,C,75,73,80,74,81,79,60,65,75,63,57,70,84,89,78,82,72,74,65,80,70,68,72,65,85,59,69,74,50,70,34,61,69,70,36,52,75,68,54,60,47,36,58,70,76,"2,562"
Nah’Shon Hyland,Denver Nuggets,SG,PG,73,76,70,77,78,84,84,65,73,87,87,32,68,88,70,80,51,76,25,60,30,32,32,70,85,68,69,79,84,66,43,52,30,61,61,29,72,60,59,45,38,32,44,65,79,"2,358"
Austin Rivers,Denver Nuggets,SG,PG,73,68,75,65,81,71,70,45,76,77,77,44,82,93,80,82,52,80,25,65,31,43,42,60,70,73,75,86,77,77,50,61,35,79,53,30,79,78,60,75,39,30,48,90,74,"2,454"
Zeke Nnaji,Denver Nuggets,C,PF,72,76,79,76,78,76,70,75,80,77,77,70,82,80,89,83,71,77,80,70,69,67,67,64,77,38,33,37,52,42,28,51,69,54,37,50,57,57,42,45,54,45,62,30,78,"2,401"
P.J. Dozier,Denver Nuggets,SF,SG,72,66,73,74,77,64,60,50,75,83,83,40,85,80,70,81,56,75,50,75,44,41,39,42,78,66,68,76,77,69,42,59,48,74,42,60,76,65,60,50,54,43,64,70,75,"2,423"
Bol Bol,Denver Nuggets,C,PF,71,70,78,79,78,75,57,50,68,68,68,65,69,80,50,77,71,64,85,70,70,68,70,62,75,50,50,67,60,40,31,57,72,52,36,88,58,64,49,40,64,60,67,25,78,"2,395"
Vlatko Cancar,Denver Nuggets,PF,SF,70,69,68,74,70,84,65,50,69,60,60,63,70,80,65,87,55,70,45,65,42,44,45,45,80,51,52,64,54,54,32,49,48,52,56,42,63,52,40,40,56,47,65,90,74,"2,257"
Petr Cornelie,Denver Nuggets,PF,C,70,67,75,74,79,74,60,40,72,59,58,69,65,83,90,80,60,68,50,60,55,55,55,60,74,51,60,52,46,65,34,44,57,37,32,34,47,56,50,40,66,62,70,65,74,"2,264"
Markus Howard,Denver Nuggets,PG,,67,70,68,79,73,85,50,65,76,88,88,45,81,80,70,80,44,70,25,45,25,40,25,40,85,70,68,81,86,67,48,41,25,45,37,37,65,47,45,25,40,27,52,55,73,"2,190"
Cade Cunningham,Detroit Pistons,PG,SG,80,82,81,78,81,85,85,80,79,83,83,62,80,88,80,80,69,82,40,75,60,62,60,75,98,79,76,86,83,80,69,69,59,75,54,56,80,75,76,75,49,36,62,85,95,"2,820"
Saddiq Bey,Detroit Pistons,SF,PF,80,80,66,69,82,86,97,80,71,63,63,50,70,87,85,81,59,77,45,60,43,42,52,65,84,61,64,76,57,75,34,61,64,75,41,40,79,77,52,60,52,37,66,95,84,"2,523"
Jerami Grant,Detroit Pistons,PF,SF,80,82,82,78,78,85,80,90,81,73,73,69,78,95,94,82,79,89,80,85,62,59,69,93,95,68,69,76,69,70,56,68,70,69,36,67,76,77,72,75,47,35,58,65,83,"2,812"
Kelly Olynyk,Detroit Pistons,PF,C,79,84,90,71,77,83,98,85,64,31,33,70,55,89,88,82,74,70,70,60,79,79,79,79,78,51,60,42,25,66,62,56,70,50,56,61,35,66,45,65,70,58,82,65,78,"2,532"
Isaiah Stewart,Detroit Pistons,C,PF,78,79,93,79,77,70,80,75,75,63,62,80,70,89,87,77,74,76,75,70,75,64,80,74,79,42,44,34,52,50,32,59,70,54,41,85,60,72,42,50,81,80,82,50,81,"2,574"
Josh Jackson,Detroit Pistons,SG,SF,76,73,74,86,71,73,65,70,77,81,81,53,86,80,75,80,66,82,55,75,50,54,59,69,85,59,55,69,68,44,60,65,62,74,49,66,72,68,75,55,53,45,61,75,76,"2,578"
Hamidou Diallo,Detroit Pistons,SF,SG,74,76,77,69,76,64,92,75,81,85,85,52,97,85,80,81,56,84,45,93,31,29,38,52,75,73,75,79,79,79,54,58,40,65,46,56,77,60,78,40,61,50,72,90,77,"2,582"
Trey Lyles,Detroit Pistons,PF,C,74,74,66,74,79,73,74,75,70,54,55,69,65,81,80,84,71,75,70,65,66,74,69,66,80,49,55,58,41,60,30,48,68,36,35,30,52,64,62,40,60,37,83,50,76,"2,371"
Cory Joseph,Detroit Pistons,PG,SG,73,77,88,74,76,81,80,60,70,72,72,40,65,88,70,84,48,81,25,30,27,39,29,64,85,78,82,84,72,84,70,66,54,80,59,51,82,71,59,70,43,38,48,70,75,"2,479"
Rodney McGruder,Detroit Pistons,SG,PG,73,78,88,73,82,72,85,65,69,71,69,45,70,75,70,81,48,60,35,50,30,42,41,45,80,66,68,74,67,69,52,66,50,79,59,35,79,79,74,70,46,47,45,95,74,"2,445"
Frank Jackson,Detroit Pistons,SG,PG,73,81,86,77,82,80,88,75,79,85,85,41,95,85,81,81,51,79,35,65,30,38,26,60,76,65,70,77,84,60,34,48,25,62,37,27,70,60,60,45,44,36,52,80,74,"2,403"
Saben Lee,Detroit Pistons,PG,,72,78,77,74,76,68,95,80,72,74,74,52,69,80,76,79,54,82,25,85,25,31,30,75,77,79,80,83,73,80,78,53,44,60,59,55,67,55,54,30,45,38,52,80,78,"2,470"
Killian Hayes,Detroit Pistons,PG,SG,71,67,86,60,69,84,65,40,76,75,75,56,70,89,85,83,55,74,25,60,35,55,60,45,85,79,82,83,74,84,74,62,49,69,59,52,73,69,70,55,41,30,51,60,79,"2,489"
Isaiah Livers,Detroit Pistons,SG,PF,69,75,69,76,80,87,85,50,72,73,73,55,71,85,66,82,47,66,25,65,26,32,35,44,80,67,68,70,70,65,60,54,37,65,46,32,74,60,60,55,39,34,44,60,75,"2,300"
Luka Garza,Detroit Pistons,C,PF,68,67,77,70,77,70,60,50,59,40,40,66,48,80,58,80,60,60,60,45,63,65,65,49,73,43,55,35,34,55,34,42,54,30,32,49,32,52,56,30,64,63,64,60,77,"2,108"
Jamorko Pickett,Detroit Pistons,SF,,67,66,71,71,75,69,60,50,69,59,58,59,69,80,75,80,61,70,65,65,54,52,57,47,74,46,38,54,52,55,30,51,62,54,54,42,55,54,50,40,64,63,64,40,73,"2,240"
Chris Smith,Detroit Pistons,SF,SG,67,64,70,70,72,79,50,40,67,69,69,32,68,80,70,80,56,73,35,60,48,52,49,52,80,55,54,68,64,59,30,50,55,62,33,25,69,60,49,45,60,45,74,30,73,"2,193"
Stephen Curry,Golden State Warriors,PG,SG,96,96,98,90,99,92,98,99,82,84,84,48,73,98,98,86,59,96,25,36,35,52,35,94,98,89,93,97,84,97,75,63,30,75,60,32,77,78,85,65,48,32,64,90,96,"2,848"
Klay Thompson,Golden State Warriors,SG,SF,87,89,88,88,95,82,93,90,78,71,74,62,67,91,85,94,66,86,35,65,35,78,74,61,90,69,77,76,71,80,41,83,70,93,79,55,93,90,88,95,42,33,50,60,88,"2,843"
Andrew Wiggins,Golden State Warriors,SF,SG,80,76,89,79,80,71,50,85,81,82,82,57,97,98,70,83,67,75,40,92,45,70,77,55,85,68,66,79,80,75,42,63,55,66,41,66,83,72,75,45,49,43,54,70,80,"2,654"
Draymond Green,Golden State Warriors,PF,C,80,63,83,60,66,78,60,30,80,73,74,85,66,85,90,88,62,70,55,65,60,59,63,40,85,81,83,78,69,92,82,81,91,83,76,62,82,90,70,95,59,40,78,30,80,"2,716"
Nemanja Bjelica,Golden State Warriors,PF,SF,78,77,85,74,83,77,70,70,71,59,65,66,52,92,86,77,62,74,45,65,59,68,66,62,57,62,70,72,43,60,63,53,50,49,40,45,65,60,50,66,62,52,71,50,76,"2,434"
James Wiseman,Golden State Warriors,C,PF,77,78,81,70,76,63,95,85,76,70,70,70,68,87,80,87,74,71,80,75,77,64,71,65,90,50,54,50,54,64,29,62,77,50,32,77,63,78,54,65,70,60,80,40,86,"2,608"
Otto Porter Jr.,Golden State Warriors,PF,SF,77,78,74,83,80,83,75,70,73,68,67,60,73,93,70,79,65,75,45,70,65,67,58,57,84,66,70,77,66,70,49,59,63,73,41,40,76,66,64,45,66,51,81,70,78,"2,576"
Jordan Poole,Golden State Warriors,SG,PG,76,82,86,79,77,88,85,75,73,75,75,61,73,80,65,80,57,82,45,60,29,47,44,69,80,69,66,78,72,68,61,53,47,65,40,45,74,65,55,30,39,33,45,98,78,"2,475"
Jonathan Kuminga,Golden State Warriors,SF,PF,75,63,74,70,65,63,60,45,83,84,84,73,90,88,80,80,65,79,65,85,49,50,50,60,85,65,69,77,75,60,44,69,73,73,67,68,79,70,69,50,72,70,73,50,85,"2,631"
Juan Toscano,Golden State Warriors,PF,SF,75,75,81,65,82,69,85,70,76,68,69,62,70,85,95,83,54,68,40,70,30,44,58,49,69,66,69,68,64,62,66,63,67,67,49,61,69,68,60,60,57,38,75,95,76,"2,526"
Damion Lee,Golden State Warriors,SG,PG,75,81,87,72,82,91,80,75,71,68,68,55,75,80,70,79,57,78,40,65,44,48,51,54,78,58,62,70,66,57,37,55,57,60,49,42,74,60,66,35,50,36,64,70,73,"2,418"
Kevon Looney,Golden State Warriors,C,,74,71,83,70,69,66,88,50,76,58,69,74,63,85,96,84,63,70,75,70,55,52,62,52,66,56,55,61,48,66,51,58,69,46,35,56,62,74,64,60,73,74,72,40,75,"2,465"
Moses Moody,Golden State Warriors,SF,SG,73,70,64,77,79,82,60,60,76,73,73,68,70,88,80,80,59,70,40,70,44,48,49,70,80,61,65,74,70,64,33,68,68,71,68,62,77,69,60,65,60,63,56,50,81,"2,521"
Andre Iguodala,Golden State Warriors,PF,SF,73,58,67,67,75,67,45,25,78,77,77,73,75,83,80,82,57,70,55,80,47,44,50,30,80,73,75,78,75,80,56,76,75,84,63,67,83,83,74,80,53,41,64,40,76,"2,543"
Chris Chiozza,Golden State Warriors,PG,,72,70,69,73,73,76,77,50,71,73,76,42,68,80,79,81,42,70,25,30,35,30,30,40,78,76,79,78,70,72,83,58,31,68,43,62,71,65,75,45,40,32,48,98,73,"2,348"
Gary Payton II,Golden State Warriors,SG,PG,72,57,74,70,70,67,37,25,78,81,81,48,85,85,80,83,53,72,35,75,30,42,42,40,89,73,75,78,81,72,58,72,50,76,80,53,80,76,91,70,59,56,62,75,73,"2,517"
Jeff Dowtin,Golden State Warriors,PG,,67,67,70,70,76,76,70,40,70,70,70,30,75,80,84,80,50,70,30,75,35,42,30,40,78,67,70,70,70,68,59,48,30,60,42,30,70,58,52,40,35,30,40,80,72,"2,232"
John Wall,Houston Rockets,PG,,83,76,78,69,75,75,75,85,85,88,88,60,84,95,95,82,59,85,25,80,35,57,42,60,90,85,85,87,88,82,82,75,38,85,77,61,85,82,92,80,40,31,49,50,85,"2,762"
Christian Wood,Houston Rockets,C,PF,83,78,80,69,81,63,85,90,74,56,59,74,59,93,94,83,84,87,90,85,79,69,79,85,95,42,30,60,44,40,38,59,74,51,40,72,56,74,62,45,78,67,88,75,83,"2,654"
Jalen Green,Houston Rockets,SG,SF,79,80,77,78,80,83,80,80,82,88,88,55,92,88,80,80,67,82,40,85,56,56,56,66,95,73,75,75,84,68,61,60,45,73,62,47,77,70,48,60,46,40,52,85,94,"2,701"
Eric Gordon,Houston Rockets,SG,SF,79,80,74,74,80,84,80,85,79,79,79,60,82,92,85,78,63,91,30,70,35,63,50,74,94,71,69,79,78,73,58,60,42,78,35,55,78,73,68,50,36,30,42,60,78,"2,585"
Alperen Sengun,Houston Rockets,C,PF,76,67,79,50,50,81,80,60,66,52,52,68,49,80,80,80,71,69,65,65,71,71,71,72,80,55,63,54,48,62,47,58,64,63,51,55,64,66,61,40,78,81,75,50,81,"2,450"
Kevin Porter Jr.,Houston Rockets,SG,PG,76,77,75,80,77,74,75,80,77,85,85,52,75,88,72,80,57,82,40,80,25,62,44,39,83,79,75,82,83,78,76,55,44,69,38,47,75,64,60,40,44,36,51,95,80,"2,546"
Kenyon Martin Jr.,Houston Rockets,PF,C,76,78,70,66,81,74,95,80,76,83,83,62,82,80,60,81,60,74,65,80,44,44,44,55,75,61,64,76,69,64,33,56,50,67,41,73,70,62,44,40,65,60,69,85,80,"2,525"
Jae’Sean Tate,Houston Rockets,SF,PF,76,77,85,70,72,70,90,75,77,69,69,65,75,89,92,80,71,80,65,75,64,67,66,64,85,66,70,74,62,72,50,60,68,65,59,56,70,60,57,45,58,57,58,90,77,"2,657"
Daniel Theis,Houston Rockets,PF,C,75,77,92,85,74,66,75,70,75,57,67,82,75,90,87,65,69,70,79,78,74,54,73,42,85,50,69,49,42,54,38,65,84,53,40,72,54,83,57,80,64,57,71,40,78,"2,561"
David Nwaba,Houston Rockets,SF,SG,74,72,74,76,72,70,82,60,79,70,72,68,80,85,97,81,57,79,50,75,40,38,44,54,72,54,60,65,67,44,33,75,69,79,63,67,79,82,84,80,56,55,57,75,76,"2,574"
Usman Garuba,Houston Rockets,PF,SF,73,58,58,59,65,60,65,40,76,68,68,70,69,85,90,80,62,72,60,70,48,44,48,60,92,63,60,66,60,67,61,70,70,70,69,73,75,72,69,65,66,68,64,50,80,"2,510"
D.J. Augustin,Houston Rockets,PG,,72,75,43,72,82,93,87,75,73,82,82,28,68,85,82,84,45,74,25,25,25,59,32,40,80,80,82,81,81,84,71,48,25,60,40,27,70,54,60,50,38,34,42,90,76,"2,350"
Danuel House,Houston Rockets,SF,PF,72,69,50,74,77,76,75,60,70,63,60,50,75,85,75,83,64,78,80,75,47,51,47,58,79,62,69,70,60,69,41,55,52,60,37,55,70,59,48,55,48,35,60,60,74,"2,392"
Armoni Brooks,Houston Rockets,SG,PG,71,72,70,74,76,81,69,60,70,70,70,45,66,80,80,81,45,69,30,55,39,36,28,35,70,62,70,70,69,66,34,49,32,64,33,40,70,60,48,45,49,35,63,65,69,"2,217"
Josh Christopher,Houston Rockets,SG,SF,70,68,71,74,73,80,50,60,79,84,84,55,81,88,72,89,60,82,40,85,25,62,44,60,83,68,68,75,78,62,55,62,49,67,70,54,78,60,65,50,51,49,52,50,79,"2,503"
Domantas Sabonis,Indiana Pacers,PF,C,87,83,85,75,74,73,98,95,72,48,44,82,54,92,95,86,83,86,70,75,85,85,86,85,95,68,82,60,43,80,73,55,70,49,46,51,49,69,45,60,80,69,90,98,86,"2,788"
Malcolm Brogdon,Indiana Pacers,PG,SG,83,87,79,89,82,86,98,90,79,77,77,56,72,93,95,84,62,76,40,70,44,45,40,88,92,83,89,86,77,92,72,65,65,77,40,40,80,77,74,65,50,41,58,70,82,"2,758"
T.J. Warren,Indiana Pacers,SF,PF,82,84,91,82,78,81,80,90,72,61,61,75,63,91,70,84,70,92,50,80,62,68,62,75,68,60,65,78,60,65,32,53,54,62,35,25,68,65,62,50,43,34,52,95,83,"2,549"
Caris LeVert,Indiana Pacers,SG,SF,82,85,84,80,76,80,95,95,77,75,77,54,80,92,80,78,69,89,60,75,52,54,49,79,95,78,75,86,72,84,72,64,45,74,63,56,77,70,68,60,48,37,58,85,83,"2,764"
Myles Turner,Indiana Pacers,C,,80,75,85,79,77,78,50,80,70,56,32,74,69,95,80,83,77,79,80,65,76,80,80,60,95,39,31,35,32,68,29,76,87,70,41,97,66,90,70,85,59,48,70,25,80,"2,577"
Chris Duarte,Indiana Pacers,SG,SF,79,76,69,79,82,81,85,60,73,65,65,59,63,89,92,80,53,70,40,70,35,36,36,52,85,59,60,71,60,60,42,64,50,69,69,57,68,68,69,65,51,42,59,80,79,"2,461"
Jeremy Lamb,Indiana Pacers,SF,SG,78,87,78,83,82,95,92,90,73,69,75,50,82,84,70,82,56,75,40,70,28,51,48,65,74,67,75,74,68,78,38,61,45,69,63,63,74,65,62,50,53,42,63,70,78,"2,560"
Torrey Craig,Indiana Pacers,SF,PF,78,77,72,69,80,70,95,75,63,63,61,49,73,80,35,80,58,76,35,60,50,62,55,58,70,53,52,69,58,50,34,72,74,79,48,68,80,79,75,75,69,65,73,80,76,"2,503"
T.J. McConnell,Indiana Pacers,PG,,77,79,95,85,75,66,80,75,74,76,76,44,65,85,92,83,49,79,25,25,44,58,38,40,79,81,88,79,73,86,79,76,49,82,97,50,84,70,95,80,48,41,55,65,78,"2,636"
Oshae Brissett,Indiana Pacers,PF,C,74,78,78,72,83,76,84,75,76,63,67,75,79,85,80,83,67,62,70,75,64,62,59,64,81,48,47,59,52,54,29,51,57,40,49,71,52,57,50,35,62,55,69,95,76,"2,484"
Goga Bitadze,Indiana Pacers,C,,73,70,75,75,63,76,70,60,69,53,54,78,63,80,75,80,71,73,75,65,72,67,74,57,85,54,54,60,52,69,37,53,64,25,35,93,30,80,40,55,73,78,68,55,76,"2,441"
Justin Holiday,Indiana Pacers,SF,SG,73,70,49,85,81,78,70,55,71,53,71,45,82,85,80,78,56,73,60,73,40,42,43,50,63,58,65,72,50,69,33,66,60,75,46,55,75,74,78,65,43,33,52,40,74,"2,372"
Isaiah Jackson,Indiana Pacers,C,PF,72,55,68,60,29,70,65,35,74,66,66,65,81,82,80,80,67,73,85,80,59,48,55,56,80,44,40,59,49,44,29,61,70,54,44,82,64,66,49,55,75,80,70,50,79,"2,367"
Kelan Martin,Indiana Pacers,SF,SG,72,69,80,73,78,78,56,50,66,57,59,44,67,80,70,83,49,72,40,60,32,47,39,40,65,56,65,66,53,62,34,55,40,69,43,65,72,68,37,45,66,55,76,95,73,"2,288"
Duane Washington Jr.,Indiana Pacers,PG,SG,68,70,70,76,77,84,60,50,71,79,79,42,72,80,65,80,49,74,45,40,29,32,44,44,80,65,66,74,76,68,40,53,47,62,40,45,70,65,55,40,39,33,45,65,74,"2,267"
DeJon Jarreau,Indiana Pacers,SG,PG,67,56,62,52,72,72,50,30,74,75,75,45,75,80,85,80,50,70,40,55,34,40,33,42,84,65,68,73,71,66,48,63,40,71,66,55,78,70,71,55,54,46,61,70,73,"2,333"
Kawhi Leonard,Los Angeles Clippers,SF,PF,95,93,98,93,83,88,96,98,84,84,84,79,79,94,85,82,83,90,55,85,65,88,89,90,98,80,79,86,83,78,72,88,79,97,85,51,97,97,97,98,55,42,68,80,97,"3,189"
Paul George,Los Angeles Clippers,SG,SF,90,88,84,93,86,87,80,95,83,79,79,70,88,95,75,93,69,85,55,85,40,70,75,60,85,78,78,87,79,75,72,81,79,92,78,51,91,88,80,85,56,39,72,50,92,"2,947"
Serge Ibaka,Los Angeles Clippers,C,PF,79,82,88,88,77,82,75,80,75,49,52,79,83,91,75,94,75,71,80,80,83,75,78,55,81,42,29,35,33,72,43,67,80,56,31,82,57,80,71,75,74,67,81,45,79,"2,632"
Ivica Zubac,Los Angeles Clippers,C,,78,72,93,74,26,78,80,80,64,26,25,75,75,80,90,80,76,76,80,75,81,54,84,75,82,42,70,35,26,47,34,51,77,34,33,73,45,69,40,35,85,88,81,50,78,"2,404"
Reggie Jackson,Los Angeles Clippers,PG,SG,77,82,82,84,83,81,80,80,81,84,84,48,85,95,85,84,55,79,25,65,25,48,28,80,88,69,82,36,84,75,68,61,49,74,41,35,74,70,74,70,44,34,54,80,80,"2,573"
Marcus Morris Sr,Los Angeles Clippers,PF,SF,77,83,86,88,88,81,80,75,75,73,47,75,69,94,80,86,70,70,55,70,68,67,81,64,84,49,60,60,49,44,31,60,64,68,38,47,75,70,61,60,50,38,62,50,78,"2,536"
Terance Mann,Los Angeles Clippers,SF,SG,76,79,79,63,82,82,95,75,75,71,70,50,79,85,90,80,60,77,45,75,47,50,50,61,75,69,72,77,70,83,43,55,54,66,38,47,73,62,59,40,58,50,66,98,79,"2,558"
Eric Bledsoe,Los Angeles Clippers,PG,SG,76,69,82,82,79,71,60,40,79,84,84,55,88,84,75,81,48,80,25,70,25,40,28,35,80,75,72,86,83,70,65,71,59,86,40,51,85,82,80,85,42,32,52,85,77,"2,538"
Luke Kennard,Los Angeles Clippers,SG,SF,76,83,86,86,83,83,85,75,71,69,68,40,60,92,85,80,53,70,30,60,28,50,35,52,95,69,76,78,66,79,44,45,35,51,36,42,65,50,50,30,45,32,58,80,77,"2,361"
Nicolas Batum,Los Angeles Clippers,PF,SF,75,75,79,74,84,85,60,70,76,68,64,65,82,88,80,83,59,74,55,60,40,63,62,35,80,67,75,71,68,78,41,63,66,73,56,57,75,68,50,60,53,41,65,85,77,"2,557"
Isaiah Hartenstein,Los Angeles Clippers,C,,75,75,87,70,68,64,89,70,72,62,62,62,70,80,88,77,64,68,75,65,56,57,59,59,75,53,50,56,42,60,55,56,60,41,49,90,50,65,54,40,86,86,85,80,76,"2,502"
Keon Johnson,Los Angeles Clippers,SG,SF,73,67,70,68,67,71,75,50,84,97,97,40,99,88,85,80,53,74,35,85,35,35,35,42,80,71,75,75,84,82,37,65,45,70,64,52,83,69,68,65,40,38,42,80,80,"2,517"
Justise Winslow,Los Angeles Clippers,SF,PG,72,65,77,60,60,59,70,65,77,75,75,65,74,90,80,82,58,74,40,70,42,44,48,62,87,67,75,74,73,64,51,69,63,79,42,61,80,77,78,70,61,43,79,65,75,"2,548"
Harry Giles III,Los Angeles Clippers,C,PF,71,65,75,79,67,77,50,40,73,68,67,65,75,75,80,79,70,74,80,75,70,68,70,45,80,52,65,40,39,74,43,54,65,40,38,70,60,70,55,35,76,68,84,25,77,"2,407"
Amir Coffey,Los Angeles Clippers,SF,PF,71,65,65,70,81,71,60,40,72,75,75,52,75,80,70,79,50,72,25,40,38,53,54,40,81,63,68,70,75,67,34,52,47,57,41,25,63,68,64,50,44,39,48,75,71,"2,258"
Jason Preston,Los Angeles Clippers,PG,SG,70,66,70,70,75,62,60,60,77,82,82,52,75,85,85,80,55,70,40,45,58,57,57,33,80,79,84,75,80,84,71,58,40,64,60,37,73,65,68,55,54,41,67,60,77,"2,479"
Brandon Boston Jr.,Los Angeles Clippers,SG,SF,69,67,70,72,73,78,60,50,75,79,79,50,80,80,75,83,50,75,30,80,30,30,30,44,78,64,64,76,75,66,41,52,49,62,50,54,72,52,50,30,42,32,52,80,78,"2,309"
Jay Scrubb,Los Angeles Clippers,SG,SF,67,63,60,68,73,75,50,50,73,74,74,55,82,80,70,79,56,71,45,80,40,44,51,37,78,58,57,70,69,52,44,54,44,60,54,35,74,57,64,40,51,36,66,60,74,"2,292"
LeBron James,Los Angeles Lakers,SF,PG,96,85,89,76,81,70,98,98,91,87,87,89,89,99,90,97,89,97,75,90,78,90,87,95,98,89,90,87,85,94,88,83,82,89,78,69,88,90,97,70,67,50,84,95,99,"3,295"
Anthony Davis,Los Angeles Lakers,PF,C,93,82,94,76,75,72,85,90,87,79,78,92,86,97,98,78,87,85,95,88,83,88,88,75,95,67,60,75,67,72,63,84,94,80,63,82,78,97,82,95,68,55,80,85,95,"3,120"
Russell Westbrook,Los Angeles Lakers,PG,SG,84,76,85,81,73,64,60,95,92,96,96,75,92,98,95,92,72,88,30,86,45,76,73,82,95,89,78,88,95,90,95,68,42,83,49,45,85,80,79,80,70,49,90,40,89,"2,934"
Carmelo Anthony,Los Angeles Lakers,PF,SF,80,83,83,82,84,88,80,80,76,76,76,74,74,90,60,79,72,75,55,70,64,87,83,50,90,68,75,80,75,72,37,54,63,62,41,60,69,58,40,40,45,35,54,40,84,"2,585"
Dwight Howard,Los Angeles Lakers,C,,78,59,89,69,68,58,40,30,74,70,54,88,80,75,70,82,68,77,85,80,70,50,68,30,80,38,33,40,25,57,33,66,76,55,40,83,52,75,77,70,94,93,95,40,79,"2,436"
Kendrick Nunn,Los Angeles Lakers,PG,SG,78,87,84,88,81,92,95,80,75,75,75,55,76,95,70,82,54,89,25,75,42,47,40,37,75,70,70,82,69,72,57,52,35,62,46,47,69,57,57,45,42,32,52,98,78,"2,506"
Talen Horton-Tucker,Los Angeles Lakers,SF,SG,76,78,81,74,70,79,85,80,73,63,63,65,67,85,85,80,58,82,30,65,42,51,42,74,80,69,66,76,60,74,70,64,44,74,73,53,78,70,70,50,46,36,56,85,80,"2,558"
DeAndre Jordan,Los Angeles Lakers,C,,76,46,74,25,25,51,60,40,81,65,53,88,83,92,95,94,66,57,80,80,54,40,61,69,90,39,25,30,33,66,40,67,80,57,33,82,62,82,60,80,81,74,87,40,76,"2,383"
Rajon Rondo,Los Angeles Lakers,PG,,75,64,50,79,79,78,60,40,78,82,82,48,82,85,90,76,48,80,25,30,45,40,45,35,85,82,82,86,82,82,80,65,36,80,73,37,80,80,70,65,48,38,57,75,79,"2,498"
Malik Monk,Los Angeles Lakers,SG,PG,75,76,76,72,84,78,70,75,77,80,81,48,88,88,72,80,59,79,40,80,25,62,45,55,88,71,75,75,76,68,61,55,45,68,38,37,73,69,68,45,43,33,52,95,77,"2,521"
Wayne Ellington,Los Angeles Lakers,SG,SF,75,85,82,79,86,80,97,85,70,70,71,59,78,80,52,80,54,77,35,50,30,60,35,59,84,65,75,70,64,75,40,48,38,60,36,45,70,42,49,40,38,31,45,80,75,"2,364"
Trevor Ariza,Los Angeles Lakers,PF,SF,74,64,55,75,77,74,55,50,77,77,79,60,75,85,80,81,62,70,55,65,55,60,59,40,88,64,70,70,72,70,38,71,60,79,53,62,78,78,79,75,54,43,65,85,75,"2,567"
Kent Bazemore,Los Angeles Lakers,SG,SF,73,71,87,50,80,68,88,55,78,80,80,46,82,88,89,82,60,77,35,75,30,47,70,61,84,67,75,73,77,70,42,70,45,77,73,62,79,77,68,75,51,35,66,90,75,"2,613"
Sekou Doumbouya,Los Angeles Lakers,PF,SF,71,54,51,67,60,71,35,40,84,82,83,79,94,85,85,80,70,75,75,85,74,65,68,50,70,49,49,50,60,52,35,55,64,60,42,47,65,69,50,40,55,49,60,45,77,"2,388"
Austin Reaves,Los Angeles Lakers,SG,,70,70,73,76,73,86,60,50,77,83,83,44,81,85,80,80,49,70,25,70,31,32,32,54,78,73,70,73,78,74,69,53,35,60,49,40,70,60,62,45,44,33,55,50,76,"2,345"
Jay Huff,Los Angeles Lakers,C,,67,66,77,72,77,77,50,40,66,48,47,62,62,80,85,77,62,64,65,60,62,62,62,38,80,45,50,43,33,60,38,49,62,32,32,69,34,62,54,50,66,64,68,35,73,"2,206"
Ja Morant,Memphis Grizzlies,PG,,89,80,90,77,78,74,70,90,81,92,92,42,88,95,80,80,62,94,25,94,34,37,37,90,85,87,84,90,92,89,78,58,39,75,41,40,81,70,68,50,45,40,50,80,94,"2,705"
Jaren Jackson Jr.,Memphis Grizzlies,PF,C,81,81,86,74,77,78,97,75,77,63,65,72,75,92,80,94,78,79,85,80,70,70,81,75,80,44,45,60,33,50,33,77,82,71,66,89,76,84,71,80,70,59,80,85,88,"2,800"
Kyle Anderson,Memphis Grizzlies,PF,SF,79,85,94,87,80,78,85,85,70,66,67,62,66,85,64,83,56,79,55,45,45,48,41,62,70,74,78,81,65,79,67,72,60,79,63,67,80,78,75,75,57,39,75,50,79,"2,637"
Steven Adams,Memphis Grizzlies,C,,79,56,91,65,26,44,60,50,71,48,37,81,68,88,90,82,74,74,80,75,79,62,82,60,79,48,69,35,33,68,37,69,82,55,46,62,63,85,78,80,84,90,77,25,79,"2,485"
Dillon Brooks,Memphis Grizzlies,SF,SG,78,79,79,88,77,83,80,65,77,75,75,65,75,88,75,85,63,79,35,75,55,59,64,51,85,61,59,74,69,58,44,73,57,85,56,51,86,85,84,80,41,38,44,60,78,"2,621"
Desmond Bane,Memphis Grizzlies,SF,SG,77,80,90,73,85,84,80,70,69,66,64,46,72,85,75,78,56,71,35,69,30,61,49,47,84,65,76,74,61,74,41,51,34,66,41,47,67,62,54,35,46,35,56,95,78,"2,410"
De’Anthony Melton,Memphis Grizzlies,SG,PG,77,79,75,76,81,78,90,75,74,74,76,44,75,80,85,83,53,69,25,65,25,58,48,50,80,74,78,81,74,70,65,75,48,81,83,67,82,77,89,75,50,40,59,85,75,"2,641"
Brandon Clarke,Memphis Grizzlies,PF,C,76,74,84,72,70,68,70,80,82,82,83,64,82,90,95,80,72,68,80,84,66,65,64,65,80,59,59,69,65,62,38,73,78,75,59,72,78,78,72,75,65,61,69,35,81,"2,718"
Xavier Tillman,Memphis Grizzlies,C,PF,76,75,90,63,71,67,80,80,70,46,44,72,69,82,94,80,72,76,75,65,67,66,66,66,95,53,62,61,37,68,38,72,78,66,56,67,67,80,84,75,66,61,70,65,79,"2,628"
Tyus Jones,Memphis Grizzlies,PG,,75,85,91,79,75,90,97,80,71,71,71,34,57,92,87,84,48,79,25,30,28,40,35,69,78,77,79,82,69,82,74,59,30,67,76,35,70,60,80,50,43,34,51,75,75,"2,481"
Ziaire Williams,Memphis Grizzlies,SF,PF,72,65,68,69,69,71,70,45,78,87,87,40,82,80,88,80,62,73,65,80,48,44,58,55,75,58,50,79,82,54,26,67,60,73,68,58,77,70,71,60,56,54,58,50,82,"2,506"
Jarrett Culver,Memphis Grizzlies,SF,PF,72,62,71,75,60,60,60,45,80,81,81,57,88,95,75,80,61,74,55,75,40,55,57,49,85,64,68,75,80,66,33,60,52,70,46,56,75,74,65,45,63,60,65,40,78,"2,466"
John Konchar,Memphis Grizzlies,SF,SG,72,82,72,74,81,83,94,85,71,62,63,40,70,90,90,84,48,75,30,45,28,34,42,44,85,65,74,75,60,76,41,57,44,62,76,53,69,50,60,45,63,57,68,80,74,"2,435"
Sam Merrill,Memphis Grizzlies,PG,SG,71,79,60,76,82,89,89,75,64,62,62,44,60,80,60,79,49,64,30,45,30,44,48,50,80,66,74,76,60,79,43,51,42,60,46,35,64,52,62,45,45,38,51,95,72,"2,303"
Santi Aldama,Memphis Grizzlies,C,PF,70,69,73,74,74,69,60,65,65,44,44,70,59,80,80,79,64,66,70,60,69,69,69,45,64,49,60,42,40,50,55,56,65,54,37,70,54,63,59,45,70,69,70,45,76,"2,337"
Killian Tillie,Memphis Grizzlies,C,PF,69,73,74,72,75,78,70,70,67,50,50,60,71,80,75,80,66,57,75,60,69,68,69,50,80,47,50,60,33,60,31,46,49,32,41,80,34,50,54,30,47,42,51,65,72,"2,267"
Jimmy Butler,Miami Heat,SF,PF,92,87,88,84,75,87,95,95,82,84,83,76,78,95,80,81,76,89,40,80,59,72,84,94,93,83,79,84,82,88,80,85,75,90,96,51,92,92,96,90,62,56,68,75,93,"3,099"
Bam Adebayo,Miami Heat,C,,87,77,93,77,69,80,60,80,84,74,74,85,83,95,90,90,83,83,85,80,80,80,82,86,90,71,72,69,66,74,73,80,92,79,59,72,73,92,80,90,72,63,80,25,89,"2,964"
Kyle Lowry,Miami Heat,PG,,82,79,69,86,83,88,75,75,83,84,84,67,72,96,97,79,50,80,25,25,38,44,40,55,95,81,80,86,84,80,76,77,68,86,74,47,86,86,84,85,50,36,63,70,88,"2,736"
Tyler Herro,Miami Heat,SG,PG,82,79,88,78,81,81,70,75,75,79,78,59,72,85,75,80,60,84,30,60,37,55,48,70,95,76,78,83,74,80,66,56,46,69,38,51,70,65,60,50,51,34,67,80,85,"2,576"
Victor Oladipo,Miami Heat,PG,SG,80,77,80,72,78,75,70,85,81,81,81,66,88,85,85,83,58,78,35,85,41,53,40,50,84,78,75,82,80,80,71,74,58,84,73,51,84,82,78,80,47,31,63,95,80,"2,742"
Duncan Robinson,Miami Heat,SG,SF,76,86,74,81,90,81,98,90,67,59,59,35,72,85,75,83,57,75,30,70,40,44,35,74,90,62,66,72,56,70,45,48,50,52,36,47,65,50,50,30,41,27,55,98,81,"2,390"
P.J. Tucker,Miami Heat,PF,C,74,70,81,74,79,75,75,35,78,63,63,82,66,88,90,91,54,55,50,60,49,48,50,36,81,56,70,65,44,69,31,70,77,80,42,52,80,74,75,80,50,44,56,70,78,"2,478"
Dewayne Dedmon,Miami Heat,C,,74,69,79,73,51,86,85,40,66,44,39,79,66,77,75,80,56,47,60,60,55,46,59,61,59,38,25,44,31,52,38,66,78,48,63,70,59,78,58,75,88,87,89,35,74,"2,325"
Caleb Martin,Miami Heat,SG,SF,73,73,72,76,70,62,90,70,67,55,55,58,74,85,65,80,57,82,25,70,55,44,38,65,75,56,62,63,54,60,43,57,52,60,70,52,65,60,65,35,56,47,65,90,74,"2,383"
Max Strus,Miami Heat,SF,SG,73,77,74,69,76,84,84,75,72,77,76,40,74,80,75,85,53,68,35,65,42,54,48,44,70,60,62,69,74,60,33,47,45,57,38,35,65,50,50,35,38,30,45,95,73,"2,311"
Markieff Morris,Miami Heat,PF,C,72,65,88,65,72,74,50,40,73,57,44,84,63,91,77,92,66,67,65,67,68,77,75,40,70,47,44,42,34,78,36,55,75,42,36,53,50,75,50,55,62,47,77,45,77,"2,342"
Omer Yurtseven,Miami Heat,C,,72,65,70,69,70,68,70,40,70,53,52,70,70,85,80,83,66,65,70,65,66,64,65,47,82,51,50,60,37,72,38,52,62,49,37,60,49,62,58,40,70,70,70,75,74,"2,367"
KZ Okpala,Miami Heat,PF,SF,70,62,67,65,70,67,60,40,77,75,75,58,83,85,80,80,61,74,85,80,42,38,44,48,80,59,65,60,70,69,31,58,59,66,38,66,75,60,68,30,53,52,54,70,76,"2,405"
Udonis Haslem,Miami Heat,PF,C,70,62,82,66,47,75,64,35,66,54,33,73,60,78,90,76,60,52,55,61,62,68,60,56,64,38,29,35,31,64,29,60,74,55,64,40,48,70,66,60,69,57,80,54,76,"2,243"
Gabe Vincent,Miami Heat,SG,PG,70,78,68,75,75,87,85,75,69,73,73,40,66,85,66,82,43,66,25,45,26,32,26,44,80,68,70,70,70,70,60,48,37,60,46,32,65,60,57,30,39,34,44,95,73,"2,267"
Marcus Garrett,Miami Heat,PG,SG,68,63,66,70,72,77,60,35,76,78,78,60,75,85,76,80,48,75,25,65,32,34,30,40,80,71,75,79,78,70,55,64,34,75,69,51,80,70,69,60,46,37,54,50,75,"2,374"
Giannis Antetokounmpo,Milwaukee Bucks,PF,C,96,83,92,70,69,68,98,98,91,90,87,94,85,98,95,91,88,98,85,91,79,74,87,97,95,84,84,87,80,95,74,89,91,95,79,72,95,96,88,95,71,51,90,85,99,"3,297"
Khris Middleton,Milwaukee Bucks,SF,PF,87,91,90,92,86,89,96,95,78,71,72,73,66,92,80,90,69,84,40,65,49,64,83,65,98,73,78,77,71,70,71,71,72,85,43,35,85,83,80,85,51,37,65,98,88,"2,863"
Jrue Holiday,Milwaukee Bucks,PG,SG,85,82,88,83,80,78,80,80,76,79,79,49,68,90,86,80,54,80,25,65,30,72,40,40,81,78,75,86,79,79,73,82,44,95,85,56,96,89,93,95,49,46,51,75,85,"2,755"
Donte DiVincenzo,Milwaukee Bucks,SG,PG,79,77,69,63,81,74,95,80,86,89,89,60,95,90,95,81,51,76,25,75,28,45,38,50,70,74,79,79,81,75,55,74,58,82,72,42,85,84,88,80,65,59,70,90,81,"2,728"
Brook Lopez,Milwaukee Bucks,C,,79,77,94,83,76,85,70,55,64,25,25,86,60,92,80,79,73,70,80,65,80,78,80,50,80,40,35,35,25,78,28,70,87,45,37,83,60,88,69,90,57,55,58,60,79,"2,505"
Bobby Portis,Milwaukee Bucks,C,PF,79,81,91,84,83,75,70,80,76,65,64,80,64,85,90,84,77,68,75,70,80,80,82,74,85,50,55,52,59,52,34,60,78,40,53,56,50,75,65,65,78,69,86,40,79,"2,637"
Grayson Allen,Milwaukee Bucks,SG,,77,79,73,76,83,87,80,75,76,84,78,44,81,85,80,82,54,75,25,70,31,43,42,69,78,68,70,73,79,74,43,57,35,72,49,40,74,70,74,45,44,33,55,85,76,"2,488"
George Hill,Milwaukee Bucks,PG,SG,75,79,77,74,82,78,85,80,77,76,76,52,88,92,74,79,53,79,25,45,33,61,38,50,90,76,78,86,76,80,62,63,48,75,46,42,78,73,70,70,40,37,42,70,75,"2,542"
Pat Connaughton,Milwaukee Bucks,SF,SG,74,74,84,60,81,74,75,70,77,77,78,45,95,80,84,83,55,79,30,86,35,34,30,54,90,63,69,78,65,73,32,51,35,69,43,52,74,50,44,40,58,47,68,80,75,"2,418"
Jordan Nwora,Milwaukee Bucks,SF,PF,73,77,70,74,84,81,88,65,68,59,57,60,72,82,70,78,56,74,60,65,49,47,50,44,60,48,52,64,43,54,28,58,52,52,75,62,65,54,50,50,57,42,72,80,78,"2,362"
Rodney Hood,Milwaukee Bucks,SF,SG,72,68,72,79,73,85,50,50,69,70,68,40,69,80,76,83,61,66,40,40,50,58,74,69,89,65,75,78,68,68,34,59,58,69,40,42,77,68,68,50,43,37,48,50,75,"2,386"
Thanasis Antetokounmpo,Milwaukee Bucks,PF,SF,72,66,73,66,71,46,75,65,76,77,75,42,82,80,90,87,62,75,40,85,53,50,60,65,64,61,54,69,69,75,40,52,42,59,56,56,60,54,50,40,65,73,57,70,72,"2,417"
Semi Ojeleye,Milwaukee Bucks,PF,SF,71,76,86,70,79,75,82,65,82,82,84,68,85,85,85,87,67,72,75,75,57,55,64,55,80,54,54,71,55,58,30,51,65,59,36,25,69,57,58,35,51,42,60,50,73,"2,463"
Sandro Mamukelashvili,Milwaukee Bucks,C,,69,64,65,69,72,71,60,45,73,59,59,73,69,85,85,80,65,69,65,65,62,60,63,54,85,59,62,59,49,69,56,51,65,50,37,45,49,68,52,45,56,52,60,50,76,"2,359"
Georgios Kalaitzakis,Milwaukee Bucks,SF,PF,68,64,72,68,66,79,50,50,71,70,70,50,75,80,70,80,60,75,40,65,52,54,60,55,75,66,66,74,67,69,52,51,48,60,44,32,68,58,57,40,40,38,42,40,76,"2,287"
Justin Robinson,Milwaukee Bucks,PG,,68,68,70,74,77,77,60,50,74,75,75,51,75,84,71,84,48,71,30,65,25,40,25,50,75,71,69,76,74,68,68,50,27,59,49,50,72,58,47,40,45,38,52,50,71,"2,272"
Karl-Anthony Towns,Minnesota Timberwolves,C,,89,84,90,78,83,86,80,85,83,76,76,87,70,98,95,82,86,85,90,75,86,84,86,85,98,68,60,65,66,79,71,60,69,50,38,68,61,79,60,55,76,65,87,60,89,"2,897"
Anthony Edwards,Minnesota Timberwolves,SG,SF,84,82,74,70,79,77,95,95,81,89,89,52,82,89,80,83,69,88,50,90,50,52,50,84,90,71,64,76,83,72,58,63,50,74,49,52,78,74,70,55,49,38,60,98,89,"2,748"
D’Angelo Russell,Minnesota Timberwolves,PG,SG,81,83,86,79,82,78,90,80,75,81,81,54,71,93,65,83,57,76,25,45,35,55,60,75,81,83,82,86,81,88,78,57,40,64,53,52,75,59,79,35,40,32,47,90,84,"2,600"
Patrick Beverley,Minnesota Timberwolves,PG,SG,78,66,86,44,80,78,70,40,78,76,76,60,91,90,76,78,45,70,25,45,30,35,30,38,85,70,75,78,75,77,45,80,70,90,74,70,89,86,63,95,50,45,54,55,79,"2,523"
Malik Beasley,Minnesota Timberwolves,SG,SF,77,86,80,86,83,85,95,85,78,75,75,55,79,93,85,84,64,75,45,78,63,65,41,72,76,66,69,79,68,70,43,53,48,66,40,37,75,60,54,45,46,36,56,90,80,"2,591"
Jaden McDaniels,Minnesota Timberwolves,PF,SF,76,75,83,74,79,61,80,75,79,79,78,60,80,85,84,90,60,74,40,75,52,56,54,52,79,53,44,78,70,40,32,56,60,60,38,73,73,45,60,40,51,42,59,80,79,"2,463"
Naz Reid,Minnesota Timberwolves,C,PF,76,76,88,70,77,71,75,75,73,50,49,80,70,88,92,80,75,81,80,75,69,58,69,74,94,53,59,58,49,65,36,63,77,54,40,84,54,77,59,55,67,57,76,50,77,"2,592"
Jarred Vanderbilt,Minnesota Timberwolves,PF,SF,76,62,58,59,59,56,75,65,76,75,76,70,80,75,80,78,60,73,75,75,40,32,50,50,85,53,60,65,65,38,38,74,68,68,83,74,70,72,88,65,80,74,85,55,76,"2,530"
Josh Okogie,Minnesota Timberwolves,SF,PF,74,64,41,69,69,81,80,45,79,90,90,46,92,80,75,82,47,70,30,75,30,32,28,40,70,64,69,76,81,62,33,72,50,81,63,60,83,81,84,75,49,52,46,90,75,"2,476"
Jaylen Nowell,Minnesota Timberwolves,SG,PG,74,83,87,84,74,84,89,80,75,81,80,39,79,85,80,80,51,82,25,65,27,40,38,54,78,66,64,75,77,68,47,51,29,60,42,53,67,55,58,40,45,37,53,80,75,"2,411"
Jordan McLaughlin,Minnesota Timberwolves,PG,SG,73,76,73,74,80,75,85,70,72,72,72,52,74,80,70,83,46,74,25,65,25,25,25,59,70,78,83,84,70,80,74,57,25,68,73,40,70,52,74,50,44,36,51,75,75,"2,408"
Taurean Prince,Minnesota Timberwolves,PF,SF,73,73,64,72,81,86,70,65,79,80,78,60,84,84,85,81,62,76,75,70,52,45,51,45,85,62,68,70,69,55,49,66,64,74,43,62,76,68,81,60,50,36,64,65,75,"2,568"
Jake Layman,Minnesota Timberwolves,PF,SF,72,73,68,78,77,78,74,65,74,68,65,62,84,80,81,79,60,79,65,70,49,45,54,62,55,55,65,68,60,52,32,62,60,66,66,66,72,56,62,45,43,36,49,40,74,"2,407"
Leandro Bolmaro,Minnesota Timberwolves,SG,,71,66,70,70,67,85,55,50,67,68,68,38,54,85,70,88,56,76,30,60,55,60,44,41,80,71,70,76,67,77,64,62,52,71,75,25,73,62,74,60,41,31,50,60,79,"2,380"
Nathan Knight,Minnesota Timberwolves,C,PF,71,67,70,70,60,84,69,50,72,67,65,75,55,80,85,80,63,67,70,65,60,60,60,58,60,45,55,47,32,62,29,55,65,37,46,72,43,65,50,60,71,74,68,60,71,"2,346"
McKinley Wright IV,Minnesota Timberwolves,PG,,68,65,69,69,71,84,50,45,74,84,84,32,83,80,78,80,44,74,25,50,25,32,25,45,77,73,70,75,84,66,69,59,25,71,63,45,79,70,69,50,41,40,41,40,74,"2,293"
Zion Williamson,New Orleans Pelicans,PF,C,89,81,92,70,70,70,90,95,89,86,86,90,99,90,95,80,90,98,95,97,84,75,89,96,85,72,65,78,74,72,69,58,59,55,41,57,76,64,70,40,73,67,78,70,96,"2,963"
Jonas Valanciunas,New Orleans Pelicans,C,,86,81,96,85,77,77,70,80,73,62,46,89,54,90,90,81,80,82,80,65,87,64,90,76,95,42,36,35,33,65,40,58,75,43,37,68,48,80,54,60,91,90,92,50,83,"2,625"
Brandon Ingram,New Orleans Pelicans,SF,PF,84,84,85,94,82,88,70,85,75,74,74,42,77,95,80,85,72,80,65,84,64,70,70,62,80,75,75,85,70,75,71,60,61,69,37,56,72,75,68,40,47,34,60,80,88,"2,722"
Devonte’ Graham,New Orleans Pelicans,PG,SG,79,77,56,81,80,82,84,80,77,82,82,34,79,95,85,83,51,72,25,60,30,32,36,70,85,81,82,86,82,83,73,55,30,70,42,35,76,65,68,55,39,32,46,70,79,"2,487"
Nickeil Alexander-Walker,New Orleans Pelicans,SG,PG,79,78,89,86,76,79,75,65,75,72,75,60,70,90,75,80,61,70,40,60,54,58,64,54,88,72,75,81,72,76,58,66,52,75,66,61,76,70,74,55,47,32,61,75,77,"2,616"
Josh Hart,New Orleans Pelicans,SF,SG,77,74,82,64,76,72,84,65,78,81,83,44,69,90,95,82,60,80,25,70,39,58,42,69,95,69,73,78,79,75,41,61,46,72,42,45,77,70,70,65,79,70,87,80,77,"2,612"
Jaxson Hayes,New Orleans Pelicans,C,,76,73,84,68,54,79,85,70,74,58,60,72,75,80,95,80,71,71,85,80,68,54,65,52,90,36,29,38,41,40,30,62,78,48,40,76,64,79,45,65,72,72,72,50,79,"2,471"
Willy Hernangomez,New Orleans Pelicans,C,,75,74,86,74,60,69,92,65,66,44,46,74,49,80,90,80,64,54,75,65,70,64,72,62,48,34,30,35,31,40,36,55,70,41,40,66,48,66,61,50,90,91,88,30,75,"2,317"
Tomas Satoransky,New Orleans Pelicans,PG,SG,73,82,87,80,78,87,95,65,73,76,76,46,79,80,75,80,55,79,30,65,30,45,48,65,80,77,78,76,76,80,73,61,50,71,43,47,75,70,72,60,43,37,48,65,75,"2,542"
Kira Lewis Jr.,New Orleans Pelicans,PG,,72,66,64,60,77,80,65,50,79,92,93,49,70,85,80,84,48,73,25,45,25,45,32,50,86,77,75,86,82,75,67,57,34,67,59,50,75,68,65,40,37,32,42,70,80,"2,397"
Trey Murphy,New Orleans Pelicans,PF,SF,72,72,70,72,79,84,80,45,79,84,84,60,82,85,75,80,53,70,65,75,42,44,43,31,57,56,59,50,74,64,35,63,69,69,50,50,70,69,59,65,49,44,54,60,80,"2,428"
Herbert Jones,New Orleans Pelicans,SF,SG,72,59,60,66,70,70,60,30,74,74,74,59,72,82,80,80,60,72,55,75,52,52,51,40,85,65,66,70,69,70,50,69,52,73,66,71,79,70,70,70,59,63,55,40,76,"2,469"
Naji Marshall,New Orleans Pelicans,SF,PF,72,67,63,72,76,68,60,65,71,62,62,60,75,85,70,80,61,70,45,65,60,60,63,44,80,67,67,70,62,71,63,56,52,60,53,53,65,62,64,40,57,36,77,80,74,"2,434"
Garrett Temple,New Orleans Pelicans,SG,SF,72,72,86,72,75,81,70,50,68,57,57,44,69,85,79,82,51,76,25,30,37,55,46,53,85,64,75,75,57,74,41,65,46,78,42,56,76,77,74,70,42,35,48,80,73,"2,391"
Didi Louzada,New Orleans Pelicans,SG,SF,68,63,69,67,77,73,50,40,72,70,72,58,77,82,65,81,56,72,35,60,51,63,39,49,76,61,68,70,67,68,33,62,45,75,58,37,76,72,72,60,62,62,62,30,76,"2,357"
Daulton Hommes,New Orleans Pelicans,SF,,67,69,69,75,79,84,60,45,68,60,60,44,72,80,80,80,55,66,45,55,52,51,52,40,80,57,63,62,55,64,39,47,42,54,39,39,64,54,48,35,46,45,47,60,72,"2,211"
Jose Alvarado,New Orleans Pelicans,PG,,67,66,68,72,75,82,60,40,73,76,76,42,78,80,79,80,42,70,25,30,35,30,30,40,78,71,75,73,75,68,62,60,31,71,43,62,79,71,75,45,40,32,48,40,72,"2,268"
Julius Randle,New York Knicks,PF,C,87,86,92,84,83,81,80,98,83,73,76,87,69,95,95,84,83,92,85,80,79,60,86,88,95,75,74,77,68,84,73,63,77,73,40,40,76,73,52,75,77,66,87,60,87,"2,944"
R.J. Barrett,New York Knicks,SF,SG,84,83,74,72,82,74,98,95,83,84,84,76,82,95,80,80,69,84,45,80,52,55,79,72,85,79,79,83,82,84,66,62,58,77,38,45,79,69,64,65,52,40,63,98,86,"2,804"
Kemba Walker,New York Knicks,PG,,83,82,78,79,80,92,85,80,81,85,85,50,81,93,90,86,52,79,25,30,28,60,35,70,88,86,89,93,85,92,71,61,32,75,49,45,76,72,77,60,44,31,56,75,87,"2,644"
Derrick Rose,New York Knicks,PG,SG,83,88,89,93,82,85,90,90,80,86,86,50,89,85,95,69,59,86,25,45,55,55,55,65,85,83,83,86,86,88,74,59,50,67,56,53,75,66,64,40,41,33,48,60,84,"2,673"
Mitchell Robinson,New York Knicks,C,,80,66,72,68,32,48,98,80,69,48,25,70,83,85,95,80,69,79,90,80,65,52,50,58,80,43,70,40,25,54,27,72,83,49,63,85,65,87,65,80,80,90,69,90,81,"2,561"
Evan Fournier,New York Knicks,SG,SF,80,83,87,85,84,79,85,80,72,71,70,40,63,95,80,86,51,74,25,50,30,45,36,66,85,74,75,82,65,82,67,61,38,69,53,53,69,70,72,65,40,29,50,85,79,"2,519"
Nerlens Noel,New York Knicks,C,,78,60,86,69,30,71,70,35,75,66,63,65,74,84,94,76,72,72,90,75,70,60,62,69,79,39,32,46,27,60,29,77,84,45,70,96,62,85,89,85,71,70,71,35,78,"2,524"
Obi Toppin,New York Knicks,PF,C,77,78,80,78,74,73,90,70,78,70,69,74,90,88,70,88,74,70,85,90,67,67,69,50,90,52,55,60,56,59,32,51,66,48,40,61,47,62,47,40,58,46,69,75,82,"2,547"
Alec Burks,New York Knicks,SF,SG,77,79,78,81,84,85,70,75,74,78,78,48,69,89,72,85,64,78,40,69,40,58,78,70,77,70,72,79,76,73,50,60,45,72,40,51,72,74,70,55,52,34,69,45,77,"2,556"
Immanuel Quickley,New York Knicks,SG,PG,76,83,81,65,82,90,94,85,78,82,82,54,79,89,80,79,58,79,40,55,50,51,45,69,74,80,84,83,76,84,73,55,37,71,40,47,74,69,44,55,43,36,49,95,83,"2,605"
Taj Gibson,New York Knicks,C,,76,75,89,78,69,69,75,70,68,49,46,83,58,75,85,83,74,65,75,65,81,80,79,66,77,37,33,35,32,54,30,65,69,58,49,85,57,78,62,60,73,78,68,50,76,"2,491"
Kevin Knox II,New York Knicks,SF,PF,72,58,55,55,80,65,55,40,78,75,75,70,80,90,73,82,64,67,65,75,59,52,68,49,78,59,59,75,72,60,31,58,57,69,41,51,72,68,69,40,45,36,54,98,75,"2,435"
Quentin Grimes,New York Knicks,SG,SF,71,70,69,69,77,79,65,60,79,86,86,63,75,85,80,80,55,74,25,70,39,58,42,55,80,66,70,74,79,65,41,60,46,70,42,45,75,69,68,65,58,50,66,60,80,"2,482"
Luka Samanic,New York Knicks,PF,,71,63,74,68,71,50,65,50,75,72,74,63,79,80,75,80,64,75,65,60,64,62,69,44,70,56,59,64,57,68,33,56,59,48,41,62,60,75,52,50,62,52,71,65,75,"2,401"
Miles McBride,New York Knicks,SG,PG,70,69,70,76,77,80,60,50,78,86,86,44,80,85,85,80,54,79,25,65,25,58,48,50,80,68,70,74,80,60,55,62,40,70,66,52,76,69,64,55,45,41,49,60,76,"2,446"
Wayne Selden,New York Knicks,PG,,70,71,71,74,73,70,80,55,70,76,71,42,75,80,60,86,62,76,50,80,52,53,57,60,69,55,57,62,69,55,33,54,60,63,38,42,70,60,55,40,43,33,53,70,74,"2,344"
Jericho Sims,New York Knicks,PF,,68,49,68,69,26,52,50,30,79,80,80,65,83,85,80,80,66,64,80,80,60,60,60,40,80,32,30,35,34,32,30,52,66,40,49,58,42,66,55,40,69,70,67,30,76,"2,192"
Shai Gilgeous-Alexander,Oklahoma City Thunder,PG,SG,86,89,96,78,83,79,98,98,82,84,84,60,83,94,90,80,73,92,40,75,50,73,72,82,98,86,88,90,84,90,76,68,51,78,54,56,82,75,76,70,46,33,58,80,89,"2,919"
Josh Giddey,Oklahoma City Thunder,SG,PG,79,74,75,70,73,69,85,70,76,76,76,60,74,88,80,80,59,79,45,65,55,58,55,41,70,81,83,83,76,83,82,61,50,69,60,47,70,69,66,60,72,69,75,70,85,"2,641"
Luguentz Dort,Oklahoma City Thunder,SG,SF,78,78,70,80,76,75,90,75,83,79,78,70,87,92,94,80,59,79,50,85,40,38,44,60,72,62,62,72,76,62,37,74,52,83,72,51,86,82,82,80,44,37,50,90,80,"2,668"
Derrick Favors,Oklahoma City Thunder,C,PF,77,66,89,71,52,74,60,50,73,65,55,85,76,80,70,80,72,78,85,70,77,72,77,50,70,46,40,50,41,69,31,64,75,63,43,86,62,70,45,65,87,90,83,30,77,"2,506"
Aleksej Pokusevski,Oklahoma City Thunder,SF,PF,75,74,70,72,70,79,85,65,65,60,60,49,60,84,60,79,62,71,70,70,54,54,62,40,75,55,59,62,52,54,50,59,67,67,36,73,54,67,57,50,54,38,69,95,80,"2,419"
Darius Bazley,Oklahoma City Thunder,PF,,75,75,62,70,72,68,95,85,75,73,75,60,82,80,75,80,63,79,50,80,59,54,50,54,80,55,50,69,70,47,37,52,55,56,35,52,67,60,59,35,60,40,79,85,78,"2,457"
Isaiah Roby,Oklahoma City Thunder,PF,C,74,78,87,70,69,75,95,70,76,74,72,60,79,80,85,80,67,75,75,75,50,51,62,60,85,49,48,55,50,47,43,58,62,60,49,62,63,60,60,50,65,57,72,75,76,"2,518"
Gabriel Deck,Oklahoma City Thunder,PF,SF,74,75,70,75,77,83,78,65,73,68,69,64,70,80,81,79,61,74,40,65,62,64,64,60,55,69,74,68,67,70,65,49,55,56,53,25,66,52,52,35,59,63,54,75,74,"2,447"
Mike Muscala,Oklahoma City Thunder,C,PF,74,83,89,80,79,91,85,75,65,43,37,76,58,79,80,79,65,64,75,60,68,64,66,59,64,47,60,42,40,60,33,54,68,53,32,55,54,67,54,45,56,40,71,45,74,"2,364"
Theo Maledon,Oklahoma City Thunder,PG,SG,73,80,80,78,77,77,94,75,72,77,77,39,72,84,75,80,54,79,35,50,37,49,40,64,80,79,84,83,77,84,67,45,37,56,43,37,65,40,54,30,42,32,52,75,79,"2,414"
Jeremiah Robinson-Earl,Oklahoma City Thunder,PF,,73,68,71,66,68,72,85,45,70,62,62,60,69,80,80,80,64,70,70,70,64,65,66,40,70,61,65,69,55,66,50,55,66,40,52,62,58,66,52,45,68,67,69,50,78,"2,425"
Ty Jerome,Oklahoma City Thunder,PG,SG,73,79,84,75,82,73,85,75,72,69,69,56,62,85,85,80,53,78,40,45,38,37,40,65,80,79,84,86,68,84,71,56,40,66,40,42,73,65,68,50,42,31,52,85,76,"2,484"
Kenrich Williams,Oklahoma City Thunder,SF,PG,73,77,87,81,79,57,87,70,73,62,66,63,72,80,90,80,59,74,40,65,40,52,54,55,90,67,69,69,63,69,63,59,62,63,53,51,75,60,60,45,58,55,61,55,74,"2,491"
Tre Mann,Oklahoma City Thunder,PG,SG,72,74,79,79,79,83,65,60,73,74,74,53,68,88,75,80,56,79,25,60,35,55,60,45,85,78,80,83,73,78,74,57,49,66,59,52,69,60,59,40,41,30,51,60,80,"2,464"
Paul Watson,Oklahoma City Thunder,SF,SG,70,65,70,70,81,63,65,40,72,69,68,52,72,85,73,82,50,70,25,60,38,44,44,41,74,60,65,69,66,66,35,53,52,59,37,50,69,59,55,40,49,32,65,50,69,"2,224"
Aaron Wiggins,Oklahoma City Thunder,SG,SF,68,65,68,70,77,77,60,40,73,84,84,45,72,80,65,80,50,69,35,45,38,40,39,60,76,67,64,70,75,68,59,49,35,59,52,37,73,47,40,45,43,33,52,40,77,"2,230"
Vit Krejci,Oklahoma City Thunder,SG,,68,58,70,64,70,54,50,40,72,75,75,40,76,80,75,80,54,72,45,70,35,38,38,55,75,68,69,70,70,70,62,55,50,60,52,47,71,59,58,40,53,49,57,80,73,"2,314"
Wendell Carter Jr.,Orlando Magic,C,,82,78,87,72,70,73,80,85,76,68,55,82,68,85,90,81,80,74,80,75,82,82,81,78,85,53,56,50,47,70,42,63,78,47,40,67,50,80,70,70,78,71,85,55,82,"2,693"
Cole Anthony,Orlando Magic,PG,SG,80,80,68,87,77,82,85,80,80,84,84,59,77,88,70,98,61,79,40,65,49,58,44,52,98,79,79,84,84,76,72,54,45,69,38,52,74,55,52,45,52,40,64,85,81,"2,619"
Jonathan Isaac,Orlando Magic,PF,SF,80,63,65,76,77,77,50,30,77,73,76,70,80,85,90,67,65,67,60,82,62,68,75,35,68,59,65,76,66,55,33,84,75,86,83,93,84,84,85,85,65,56,74,70,80,"2,683"
Mohamed Bamba,Orlando Magic,C,,79,68,79,68,74,67,70,50,73,75,61,68,75,78,75,81,69,66,85,70,69,64,69,50,80,40,35,46,32,51,35,66,77,48,36,92,64,80,64,65,81,72,89,50,78,"2,488"
Markelle Fultz,Orlando Magic,PG,SG,77,75,88,70,69,72,75,75,79,86,85,56,85,92,70,80,64,90,30,75,42,48,69,79,81,84,86,86,85,83,78,60,50,75,53,45,78,72,69,40,43,36,50,50,79,"2,632"
Terrence Ross,Orlando Magic,SG,SF,77,85,86,84,80,87,95,80,73,74,74,48,85,86,65,82,63,79,50,85,58,70,45,40,74,68,69,78,70,72,50,61,51,68,49,53,70,66,68,60,42,30,53,85,78,"2,597"
Jalen Suggs,Orlando Magic,PG,SG,76,75,81,76,77,75,70,70,83,88,88,59,90,88,85,80,62,83,40,80,39,38,74,57,84,82,80,86,88,81,75,65,35,76,56,42,83,75,75,75,43,37,48,50,88,"2,672"
Franz Wagner,Orlando Magic,SF,PF,76,78,70,73,78,84,75,85,72,64,64,65,65,85,80,80,62,73,55,65,57,59,59,50,76,66,70,73,60,69,59,67,56,69,68,65,73,69,68,65,53,42,64,50,82,"2,564"
Robin Lopez,Orlando Magic,C,,76,75,95,73,76,71,70,65,63,25,25,75,57,85,95,82,75,78,75,60,96,55,95,50,88,38,30,35,25,69,31,58,70,55,31,67,25,80,64,70,63,75,50,45,76,"2,389"
Chuma Okeke,Orlando Magic,PF,SF,75,78,71,84,80,75,85,75,73,70,70,60,74,80,80,80,54,70,45,50,48,52,53,40,70,63,65,69,65,66,50,68,63,80,63,57,81,77,75,45,51,43,58,70,79,"2,518"
R.J. Hampton,Orlando Magic,SG,PG,73,74,77,81,72,70,75,70,80,90,90,54,83,89,70,83,62,79,40,75,54,57,50,40,98,74,70,83,88,71,60,58,49,71,40,50,77,60,63,50,56,41,71,65,79,"2,585"
Gary Harris,Orlando Magic,SG,SF,73,63,71,69,75,81,50,30,73,70,75,53,78,85,70,83,53,73,40,50,28,51,47,60,75,66,75,76,70,70,40,67,68,84,41,50,81,80,55,80,37,35,39,90,76,"2,424"
Moritz Wagner,Orlando Magic,PF,C,72,77,83,78,80,79,70,70,78,73,67,78,75,85,85,81,68,70,75,65,67,67,68,54,76,49,54,42,53,55,39,50,58,40,49,62,47,58,54,35,57,44,69,60,78,"2,443"
Michael Carter-Williams,Orlando Magic,PG,SG,72,69,64,63,66,61,97,60,75,74,74,38,75,85,95,82,65,90,40,60,50,62,51,72,95,77,78,78,73,84,72,67,58,75,43,58,78,70,85,70,54,49,59,50,76,"2,610"
E’Twaun Moore,Orlando Magic,SG,PG,72,78,89,65,75,67,92,80,75,70,76,54,78,80,82,83,53,73,25,55,40,57,47,44,79,69,75,76,70,70,54,56,43,62,63,51,69,51,65,40,46,44,47,75,75,"2,441"
Ignas Brazdeikis,Orlando Magic,SF,PF,69,73,74,74,77,77,95,40,70,62,64,48,75,80,80,80,48,70,30,65,38,37,30,44,68,58,61,70,60,60,41,49,57,59,35,51,68,50,44,30,55,47,62,55,78,"2,236"
Joel Embiid,Philadelphia 76ers,C,,95,91,90,92,81,85,98,98,80,69,67,95,68,94,90,76,91,85,90,80,92,92,96,97,98,59,55,57,62,58,63,76,96,64,43,82,64,96,64,95,88,82,93,75,95,"3,077"
Tobias Harris,Philadelphia 76ers,PF,SF,87,89,93,90,84,89,85,90,77,75,59,73,79,95,73,82,77,85,65,75,70,70,83,73,95,71,77,77,56,80,66,60,59,58,41,62,67,66,64,60,58,42,73,70,85,"2,786"
Ben Simmons,Philadelphia 76ers,PG,PF,84,67,84,46,58,61,70,85,89,92,92,80,85,97,97,83,84,90,83,86,76,73,78,90,98,83,79,86,84,89,76,83,79,87,83,56,85,89,92,90,62,52,72,50,87,"3,040"
Andre Drummond,Philadelphia 76ers,C,,79,54,82,47,47,61,35,50,78,60,58,95,79,89,85,81,70,73,95,85,70,45,75,40,80,53,52,45,49,70,50,70,77,52,76,74,52,81,76,70,94,90,97,25,79,"2,547"
Seth Curry,Philadelphia 76ers,SG,PG,78,85,87,93,90,91,75,75,73,78,78,41,68,89,80,80,43,75,25,36,27,35,30,50,69,71,75,78,77,75,52,46,25,57,41,35,68,54,55,35,37,28,45,90,77,"2,339"
Tyrese Maxey,Philadelphia 76ers,PG,SG,77,83,94,80,74,86,85,80,73,77,77,44,70,88,80,77,53,84,25,55,25,60,30,55,88,75,71,80,75,82,69,62,50,79,41,51,83,69,58,65,42,31,52,70,80,"2,540"
Matisse Thybulle,Philadelphia 76ers,SF,PF,76,55,48,48,74,60,75,25,74,76,76,59,70,85,75,80,44,65,35,70,30,30,30,25,70,51,55,65,69,35,32,85,60,89,98,84,89,88,90,85,41,37,44,40,79,"2,345"
Shake Milton,Philadelphia 76ers,SG,PG,76,84,84,88,78,83,95,75,73,77,79,38,77,80,80,83,57,84,30,60,46,44,40,63,89,78,79,82,77,80,70,51,30,65,41,51,74,58,50,40,42,37,46,60,76,"2,489"
Furkan Korkmaz,Philadelphia 76ers,SF,SG,76,78,66,74,80,73,95,80,74,70,69,50,80,85,81,80,59,77,40,75,30,60,45,59,88,60,54,73,64,65,42,56,40,64,66,45,69,56,62,45,42,34,49,75,75,"2,435"
Danny Green,Philadelphia 76ers,SF,SG,75,71,80,83,83,77,60,40,70,59,59,60,69,82,80,82,48,67,40,45,30,54,35,35,75,61,72,70,59,70,35,76,66,87,70,66,87,84,60,85,47,41,53,65,77,"2,442"
Georges Niang,Philadelphia 76ers,PF,SF,75,78,86,76,85,83,65,75,68,44,46,60,72,88,80,84,60,70,25,50,70,71,70,51,74,56,65,67,44,70,33,51,60,55,38,40,55,62,60,40,48,38,58,60,74,"2,344"
Paul Reed,Philadelphia 76ers,PF,C,72,64,70,70,66,74,70,35,65,49,47,62,65,80,70,80,61,64,80,70,50,47,52,57,70,45,48,52,41,44,42,60,69,43,70,83,52,66,58,40,78,83,72,90,75,"2,356"
Jaden Springer,Philadelphia 76ers,PG,SG,71,71,74,73,77,81,75,45,74,82,82,49,72,85,70,80,49,74,25,50,28,45,32,55,80,76,75,81,82,75,65,63,44,69,66,50,80,68,67,60,34,30,37,55,80,"2,418"
Isaiah Joe,Philadelphia 76ers,SG,SF,71,77,80,76,77,85,79,65,73,72,74,47,79,80,75,87,49,69,40,60,35,38,30,37,85,56,57,68,63,59,33,56,42,69,43,47,77,61,52,55,40,34,46,90,74,"2,340"
Charles Bassey,Philadelphia 76ers,C,,70,59,74,69,52,76,50,35,78,77,77,69,82,80,80,80,60,70,75,75,50,50,50,40,70,42,35,42,54,48,30,61,69,57,44,78,64,68,50,60,71,72,70,25,76,"2,323"
Grant Riller,Philadelphia 76ers,PG,SG,69,71,76,73,75,81,60,60,75,89,89,31,84,80,70,81,49,76,30,50,35,42,30,50,78,76,85,78,89,75,52,45,33,51,42,30,70,52,48,30,38,37,39,50,78,"2,279"
Aaron Henry,Philadelphia 76ers,SG,SF,68,64,73,71,70,76,60,35,75,83,83,59,69,81,68,80,53,71,40,60,40,40,41,50,80,62,62,68,73,62,47,57,48,61,70,70,67,57,44,40,47,39,55,50,75,"2,318"
Chris Paul,Phoenix Suns,PG,,89,92,97,98,85,93,85,95,77,80,80,62,75,90,75,77,53,80,25,27,40,55,70,40,90,88,90,93,80,88,87,77,61,90,83,45,90,90,75,85,47,31,62,90,95,"2,854"
Devin Booker,Phoenix Suns,SG,PG,89,93,97,94,86,86,95,98,77,79,79,49,74,95,85,81,74,88,30,75,69,74,82,91,85,83,83,87,76,90,77,59,38,74,52,44,74,65,62,65,44,33,55,85,92,"2,844"
Deandre Ayton,Phoenix Suns,C,,86,83,97,79,65,76,95,85,79,75,65,85,82,90,76,81,82,79,90,75,85,75,85,82,82,54,53,61,55,70,33,64,78,49,37,73,61,78,69,65,85,82,87,85,89,"2,829"
Mikal Bridges,Phoenix Suns,SF,PF,82,84,94,79,84,82,82,80,83,80,80,62,85,92,95,84,55,75,40,75,35,42,54,35,80,71,78,79,72,88,37,79,69,82,83,63,80,82,86,85,48,43,52,75,84,"2,753"
Dario Saric,Phoenix Suns,C,PF,77,78,80,65,78,87,80,80,72,63,69,65,60,82,86,81,72,79,45,70,74,74,81,60,92,65,75,69,57,84,41,57,70,49,49,35,61,74,50,65,63,55,71,60,77,"2,593"
Cameron Johnson,Phoenix Suns,PF,SF,76,80,88,72,80,84,85,70,75,70,69,60,79,85,86,78,62,64,60,60,69,69,69,51,57,52,59,59,43,66,35,55,55,55,41,50,55,64,55,65,47,37,57,85,77,"2,463"
Jae Crowder,Phoenix Suns,PF,SF,76,73,69,68,83,76,80,60,81,68,69,82,73,93,93,89,66,77,70,60,63,65,60,47,85,66,65,75,66,83,40,71,70,78,42,55,76,80,90,75,52,36,67,75,77,"2,680"
Frank Kaminsky III,Phoenix Suns,PF,C,76,76,85,68,78,57,88,80,70,47,53,66,67,89,85,82,73,78,50,65,79,79,78,68,90,48,40,54,38,50,60,50,65,40,37,61,42,63,50,40,69,53,84,65,76,"2,450"
Cameron Payne,Phoenix Suns,PG,,76,86,87,86,84,87,85,85,72,75,75,39,72,82,75,84,47,83,25,25,25,36,31,80,72,75,75,78,75,72,74,50,31,60,46,52,70,51,52,40,46,33,58,55,76,"2,391"
JaVale McGee,Phoenix Suns,C,,76,65,82,64,55,66,60,60,69,65,47,75,69,72,75,80,68,64,95,85,78,58,64,65,37,35,25,35,26,48,39,66,79,47,42,92,53,84,67,65,86,83,88,30,76,"2,395"
Elfrid Payton,Phoenix Suns,PG,,74,76,76,70,68,69,98,75,77,76,76,58,77,80,88,83,51,84,25,50,25,32,25,69,95,77,78,86,75,77,70,62,25,79,46,40,79,70,82,75,50,48,52,70,75,"2,526"
Landry Shamet,Phoenix Suns,SG,SF,73,79,78,74,81,86,94,60,77,85,85,41,80,85,81,81,48,74,35,50,30,38,26,52,76,71,79,78,82,77,38,48,25,60,38,40,76,57,50,35,36,29,43,85,76,"2,360"
Abdel Nader,Phoenix Suns,SF,PF,72,81,83,70,82,83,94,75,74,72,74,52,79,80,75,87,55,80,40,70,35,38,30,65,85,61,68,72,63,69,33,52,42,62,42,62,72,59,40,40,52,36,68,70,75,"2,422"
Jalen Smith,Phoenix Suns,C,PF,71,68,74,77,70,72,68,45,75,68,68,65,86,82,75,80,69,60,85,80,68,66,67,47,80,37,29,38,49,40,28,56,70,48,28,68,62,73,44,55,65,51,79,45,79,"2,369"
Chandler Hutchison,Phoenix Suns,PF,SF,71,71,79,70,74,59,70,75,75,80,71,69,77,80,65,83,58,78,40,75,30,45,48,66,80,60,65,70,69,62,32,58,40,70,46,51,70,65,75,45,58,34,81,40,74,"2,403"
Ishmail Wainright,Phoenix Suns,SG,PG,70,66,68,66,72,75,75,40,82,81,81,82,75,88,90,80,56,69,50,60,49,48,50,44,81,56,52,68,66,54,39,63,68,69,42,52,80,69,66,60,50,44,56,50,73,"2,432"
Damian Lillard,Portland Trail Blazers,PG,,90,91,84,88,87,93,98,98,88,88,88,63,89,97,95,98,64,96,25,85,30,38,42,94,98,89,88,95,87,95,79,57,25,69,41,40,76,72,77,55,43,32,53,98,94,"2,850"
C.J. McCollum,Portland Trail Blazers,SG,PG,85,90,89,97,84,83,95,90,83,82,84,60,80,98,95,80,53,80,30,40,38,46,32,69,91,79,78,86,82,80,71,56,35,68,41,51,76,69,50,60,43,35,51,98,86,"2,660"
Jusuf Nurkic,Portland Trail Blazers,C,,81,77,86,72,76,64,88,75,66,51,37,90,50,86,75,72,74,68,75,65,80,72,75,70,85,55,60,40,25,82,70,66,78,45,63,80,49,79,60,70,82,71,92,85,83,"2,644"
Norman Powell,Portland Trail Blazers,SF,SG,80,86,84,81,83,87,95,85,79,79,83,46,80,92,90,82,54,83,25,80,30,32,28,69,88,68,74,79,77,75,37,66,50,79,53,45,78,77,74,75,41,35,47,80,80,"2,617"
Anfernee Simons,Portland Trail Blazers,PG,SG,78,78,55,82,84,78,89,80,76,86,89,27,90,79,80,80,56,73,40,89,25,44,32,69,75,72,79,78,79,79,43,47,34,59,35,40,76,50,55,30,44,31,56,80,76,"2,426"
Larry Nance Jr.,Portland Trail Blazers,PF,SF,77,78,81,79,79,61,95,70,77,65,60,69,86,88,85,83,70,72,85,85,58,54,69,60,78,62,69,64,49,70,57,67,68,48,86,53,61,75,89,55,63,52,73,70,78,"2,679"
Cody Zeller,Portland Trail Blazers,C,PF,77,72,86,70,38,73,80,85,76,70,40,75,80,89,95,84,74,68,75,75,72,68,79,75,79,51,68,40,31,64,50,55,60,37,41,56,54,76,60,55,83,83,82,55,78,"2,546"
Nassir Little,Portland Trail Blazers,SF,PF,76,69,74,76,79,80,60,45,80,77,79,70,81,85,85,80,61,79,35,82,54,52,59,50,80,53,52,65,68,49,29,62,68,70,30,57,77,70,65,55,59,51,67,60,77,"2,472"
Robert Covington,Portland Trail Blazers,PF,C,75,67,74,69,83,83,55,35,73,68,69,62,70,85,75,82,59,68,55,65,59,58,59,34,70,60,65,70,65,66,33,80,79,83,77,73,83,85,83,80,57,38,75,85,78,"2,596"
Tony Snell,Portland Trail Blazers,SF,SG,75,77,70,77,87,88,80,60,72,68,67,48,72,81,85,82,55,70,35,75,33,48,43,54,85,63,69,77,60,74,34,62,40,78,32,50,77,74,77,70,43,35,50,60,75,"2,440"
Dennis Smith Jr.,Portland Trail Blazers,PG,,72,70,63,65,76,73,70,70,76,86,87,54,91,88,45,80,54,76,25,85,30,31,38,69,80,79,76,86,85,75,73,62,25,66,74,68,77,65,75,45,47,40,53,40,76,"2,481"
Ben McLemore,Portland Trail Blazers,SG,SF,71,72,60,69,77,74,80,70,76,70,72,54,83,90,79,84,62,78,40,80,42,56,42,69,85,65,75,74,67,78,32,57,55,65,40,47,72,68,47,60,42,33,51,55,75,"2,448"
Greg Brown III,Portland Trail Blazers,SF,PF,70,62,70,69,70,70,60,30,77,78,78,40,98,80,80,83,61,72,75,80,52,49,52,40,68,48,45,68,65,35,27,56,62,62,42,56,65,60,53,45,56,49,62,50,76,"2,316"
Trendon Watford,Portland Trail Blazers,PF,SF,68,62,72,68,69,65,60,40,76,63,63,79,80,85,80,80,67,72,75,80,62,63,62,50,70,55,59,50,57,62,45,48,52,52,42,47,52,52,50,40,63,59,66,25,75,"2,323"
C.J. Elleby,Portland Trail Blazers,SG,SF,68,61,64,70,68,76,50,40,71,69,69,58,72,81,68,81,53,65,40,50,35,51,45,52,85,54,50,62,64,60,33,57,48,67,43,53,71,62,60,50,55,55,55,85,74,"2,281"
Keljin Blevins,Portland Trail Blazers,SG,PG,67,61,65,69,68,74,60,30,74,72,72,68,79,85,65,80,52,68,45,65,40,45,49,35,69,62,66,71,69,65,37,62,60,69,50,60,72,70,68,50,54,52,56,55,70,"2,343"
De’Aaron Fox,Sacramento Kings,PG,,83,82,88,78,76,72,80,95,84,97,97,46,84,96,90,80,58,94,25,80,25,30,27,90,90,86,83,88,97,87,77,69,34,79,78,51,85,77,77,70,41,34,48,50,88,"2,743"
Harrison Barnes,Sacramento Kings,SF,PF,83,79,84,66,81,83,82,80,80,77,72,70,95,92,75,82,70,80,55,81,48,65,83,60,88,70,72,78,73,75,50,60,67,75,37,35,75,65,65,60,55,41,68,70,79,"2,684"
Tyrese Haliburton,Sacramento Kings,SG,PG,81,86,95,87,84,86,85,80,77,79,79,59,70,88,85,80,58,73,40,65,42,49,40,60,95,81,82,86,79,84,72,67,60,74,63,53,74,74,73,65,41,36,46,98,88,"2,728"
Richaun Holmes,Sacramento Kings,C,,81,81,95,89,60,79,75,90,76,57,55,79,81,80,95,82,76,78,85,75,75,57,75,79,85,45,42,58,38,54,35,58,75,40,38,82,56,68,55,50,75,67,82,60,79,"2,605"
Buddy Hield,Sacramento Kings,SG,SF,79,81,62,80,85,84,98,75,72,75,78,41,78,90,60,82,57,75,25,65,28,45,48,73,94,71,75,79,74,70,58,56,48,69,40,50,74,54,60,50,46,31,61,98,80,"2,512"
Marvin Bagley III,Sacramento Kings,PF,C,78,72,80,70,77,57,70,80,82,73,74,80,86,95,80,87,78,70,85,85,80,78,79,65,85,53,47,62,64,60,31,57,70,49,36,56,57,70,65,55,76,72,80,45,82,"2,637"
Davion Mitchell,Sacramento Kings,PG,,77,70,70,71,76,65,80,60,80,82,82,60,70,90,95,80,46,74,25,40,30,30,30,44,95,73,82,36,82,83,80,73,44,80,77,56,87,78,79,80,43,40,46,70,83,"2,532"
Tristan Thompson,Sacramento Kings,C,,77,66,94,70,62,61,60,50,75,63,52,74,74,80,90,90,66,65,85,75,69,50,62,40,80,41,31,39,30,70,33,61,75,54,36,63,64,79,58,55,87,90,84,35,79,"2,421"
Alex Len,Sacramento Kings,C,,74,77,91,61,74,61,95,80,67,43,44,75,60,80,92,78,69,74,80,65,74,48,76,69,64,33,31,32,25,45,33,60,74,44,36,87,50,78,62,50,71,66,75,70,76,"2,418"
Terence Davis,Sacramento Kings,SF,SG,74,72,67,68,79,82,65,70,74,73,70,44,76,90,82,80,59,75,40,75,32,49,38,70,95,69,75,79,68,78,43,64,54,74,59,51,80,70,70,55,48,35,61,60,76,"2,508"
Chimezie Metu,Sacramento Kings,PF,C,74,71,76,76,74,70,85,45,70,52,52,69,75,80,80,83,63,70,80,70,58,40,49,50,85,42,48,37,30,58,35,57,67,51,42,71,60,68,55,40,66,60,72,98,75,"2,386"
Maurice Harkless,Sacramento Kings,PF,SF,72,69,69,62,70,82,70,60,77,72,76,60,82,85,79,85,59,78,55,82,40,42,40,50,85,54,65,63,61,48,33,68,60,76,56,62,76,78,64,70,43,34,52,85,73,"2,480"
Damian Jones,Sacramento Kings,C,,71,62,80,66,57,76,50,40,76,63,55,80,92,80,85,78,66,70,85,75,52,40,70,50,84,38,34,35,38,48,33,58,76,40,37,82,42,80,40,65,65,61,68,25,72,"2,304"
Jahmi’us Ramsey,Sacramento Kings,SG,SF,70,72,64,70,76,64,95,60,67,66,64,45,70,75,70,81,52,60,35,65,37,42,40,55,80,66,68,73,62,69,59,58,50,66,54,47,72,67,52,55,52,43,60,95,77,"2,383"
Robert Woodard II,Sacramento Kings,PF,SF,70,58,56,73,74,64,50,30,79,82,82,62,83,80,80,82,57,70,65,70,42,52,37,44,75,53,55,57,63,54,34,63,48,76,60,60,73,60,68,60,55,54,55,85,76,"2,391"
Neemias Queta,Sacramento Kings,C,,69,59,75,62,50,71,60,35,71,59,59,76,65,80,80,80,63,61,70,65,62,60,62,40,85,44,52,38,30,62,40,57,70,45,40,80,48,70,48,55,70,70,70,35,78,"2,288"
Louis King,Sacramento Kings,SF,,68,65,72,60,76,78,65,40,76,74,74,67,79,80,76,80,64,70,75,75,50,58,62,44,80,57,55,66,62,63,40,50,58,51,43,37,60,59,54,35,39,32,45,50,75,"2,320"
Dejounte Murray,San Antonio Spurs,PG,,86,82,85,85,74,81,85,80,74,83,83,40,60,90,85,80,61,91,40,75,40,48,49,58,88,81,84,86,83,82,72,75,53,86,82,32,87,85,89,85,59,38,79,50,86,"2,759"
Keldon Johnson,San Antonio Spurs,SF,PF,80,83,77,83,79,73,95,90,80,76,78,70,71,90,95,80,69,85,65,65,52,54,60,72,95,67,74,79,73,74,37,59,63,69,37,50,75,64,51,65,59,49,69,70,81,"2,685"
Derrick White,San Antonio Spurs,SG,PG,78,83,88,65,78,85,95,85,78,90,90,46,75,85,78,81,53,74,40,55,35,51,35,72,60,81,84,86,88,82,65,70,38,82,76,68,82,76,69,65,40,31,48,95,78,"2,676"
Jakob Poeltl,San Antonio Spurs,C,,78,69,91,78,45,50,80,70,66,51,37,74,57,80,84,80,70,63,75,60,77,60,75,64,85,48,69,38,31,62,40,64,81,45,40,87,34,79,67,80,78,82,74,85,77,"2,507"
Thaddeus Young,San Antonio Spurs,PF,C,77,72,97,62,64,63,70,75,79,72,63,80,83,88,85,85,74,81,70,70,79,75,77,52,90,69,69,70,50,82,73,74,82,70,70,61,78,82,70,80,76,73,78,25,79,"2,773"
Devin Vassell,San Antonio Spurs,SF,SG,76,70,82,78,80,86,65,30,75,72,72,60,77,89,75,82,55,66,40,60,37,44,70,40,80,61,69,66,65,70,33,72,62,82,59,53,80,81,85,75,50,36,64,65,81,"2,511"
Lonnie Walker IV,San Antonio Spurs,SG,PG,76,78,87,73,79,81,75,75,80,91,91,64,83,85,65,82,59,74,40,75,48,53,48,57,75,66,70,78,77,67,38,56,55,74,36,45,78,62,65,35,40,30,50,90,76,"2,527"
Doug McDermott,San Antonio Spurs,PF,SF,76,83,88,78,84,81,85,80,67,59,53,60,67,81,67,83,68,79,50,65,69,82,62,60,75,56,65,67,47,65,34,48,52,58,32,32,60,63,50,40,48,45,51,60,76,"2,405"
Bryn Forbes,San Antonio Spurs,SG,PG,74,86,84,91,87,78,92,85,69,68,68,37,72,80,76,83,52,79,35,40,28,52,42,59,78,54,52,70,67,50,29,46,44,58,35,27,69,56,50,30,36,29,43,80,75,"2,278"
Drew Eubanks,San Antonio Spurs,C,PF,74,68,84,73,30,70,80,70,73,61,62,68,75,80,85,83,70,69,75,70,72,70,72,60,75,41,42,37,38,55,34,56,60,47,40,86,59,59,50,45,78,71,85,50,75,"2,417"
Zach Collins,San Antonio Spurs,PF,C,73,72,88,50,76,75,85,55,73,66,65,60,79,78,80,80,70,72,70,65,72,70,70,63,75,40,37,49,38,38,37,58,68,45,35,74,57,70,65,50,49,49,48,70,79,"2,403"
Tre Jones,San Antonio Spurs,PG,,72,62,60,68,73,81,57,35,74,74,74,60,71,85,75,81,43,70,25,35,32,34,30,40,80,76,79,79,74,79,70,58,34,75,42,25,79,70,76,65,39,40,37,80,77,"2,321"
Keita Bates-Diop,San Antonio Spurs,SF,PF,72,64,51,69,76,71,50,65,73,77,77,60,72,80,70,76,62,70,55,65,54,63,60,55,70,56,58,66,66,56,32,60,63,63,66,56,74,60,60,35,56,43,69,75,74,"2,402"
Joshua Primo,San Antonio Spurs,SG,SF,71,74,68,77,80,75,85,60,71,76,76,27,71,85,85,80,52,69,40,60,34,34,34,49,95,62,64,70,73,64,37,59,44,70,52,42,77,70,55,60,49,44,54,85,81,"2,402"
Joe Wieskamp,San Antonio Spurs,SG,PG,70,67,65,72,80,68,65,50,75,84,84,30,85,80,84,80,53,72,30,75,35,34,30,54,90,63,64,71,75,63,44,48,35,60,50,42,66,50,44,40,49,42,55,85,77,"2,310"
Devontae Cacok,San Antonio Spurs,C,PF,70,43,64,47,25,50,44,30,73,65,64,68,75,75,80,82,59,70,65,70,54,50,50,40,70,49,48,65,57,49,26,55,58,52,69,76,60,57,40,30,84,85,82,70,70,"2,232"
Jock Landale,San Antonio Spurs,C,PF,68,66,70,64,74,78,68,40,69,54,54,64,75,80,75,80,61,60,65,60,60,60,60,40,80,50,58,52,45,64,29,54,65,48,52,50,48,62,60,45,57,55,59,50,75,"2,278"
Pascal Siakam,Toronto Raptors,PF,C,83,79,85,80,76,84,70,80,81,76,78,70,79,95,85,82,75,82,85,80,70,70,75,50,84,72,72,79,69,70,70,74,86,79,43,57,78,86,82,80,60,50,69,70,86,"2,862"
OG Anunoby,Toronto Raptors,SF,PF,83,66,75,69,82,78,50,40,81,81,83,68,85,85,85,81,56,74,60,85,38,37,36,41,80,59,58,72,71,52,40,81,76,87,79,62,87,85,84,85,54,45,62,55,83,"2,596"
Scottie Barnes,Toronto Raptors,PF,SF,82,64,77,68,69,62,70,40,83,82,82,74,92,88,85,80,67,76,80,80,58,57,57,45,85,77,77,79,77,78,73,73,75,75,70,57,77,75,76,75,63,60,66,55,89,"2,741"
Fred VanVleet,Toronto Raptors,SG,PG,82,85,74,77,82,89,95,90,79,83,83,42,75,95,94,82,51,76,25,35,30,32,28,82,98,86,89,86,83,92,79,69,27,83,69,60,83,79,74,80,44,34,53,98,83,"2,719"
Gary Trent Jr.,Toronto Raptors,SG,SF,79,81,69,79,82,78,95,80,79,86,85,58,90,80,70,82,59,76,40,75,44,57,46,59,73,64,70,71,77,71,32,53,50,61,43,37,74,60,64,35,39,33,44,98,79,"2,503"
Chris Boucher,Toronto Raptors,PF,C,77,73,91,70,82,79,65,50,75,57,55,80,74,89,95,77,77,79,85,80,72,64,72,75,85,38,33,41,25,59,33,62,78,37,40,93,42,84,50,70,75,67,82,50,79,"2,539"
Precious Achiuwa,Toronto Raptors,C,PF,76,61,70,69,30,52,75,70,79,75,74,78,79,84,88,76,66,78,85,80,57,44,42,63,75,46,36,49,66,50,31,67,75,56,41,80,66,73,89,55,77,77,77,45,80,"2,490"
Goran Dragic,Toronto Raptors,PG,,76,78,83,84,80,83,70,70,76,76,76,44,72,92,85,84,54,75,25,45,25,60,39,79,85,79,80,86,76,80,72,59,32,73,40,40,73,74,70,70,45,35,55,75,78,"2,541"
Khem Birch,Toronto Raptors,C,PF,76,76,87,71,55,70,98,75,78,71,67,73,78,82,90,83,69,69,85,70,61,60,60,64,85,33,25,32,34,40,36,63,77,48,43,71,57,79,60,65,71,78,64,60,76,"2,499"
Sviatoslav Mykhailiuk,Toronto Raptors,SG,SF,75,76,58,80,75,77,90,75,73,82,82,54,69,81,65,79,57,74,40,55,42,47,38,62,94,64,69,64,75,64,49,49,37,55,56,45,67,50,54,30,44,34,53,95,76,"2,392"
Yuta Watanabe,Toronto Raptors,SF,PF,74,68,66,60,81,82,50,70,73,67,67,60,74,80,85,80,52,60,40,60,40,43,45,55,75,58,60,69,65,63,34,60,58,63,49,66,71,66,60,50,63,51,74,98,74,"2,411"
Malachi Flynn,Toronto Raptors,PG,,73,78,79,69,75,83,84,80,70,73,73,44,65,83,70,82,45,79,25,25,25,37,25,67,73,73,74,76,73,73,70,59,27,69,59,45,76,69,68,55,45,31,58,90,77,"2,406"
Isaac Bonga,Toronto Raptors,SF,PF,70,64,85,64,71,81,45,35,68,75,60,40,77,75,65,82,59,69,55,65,53,62,44,44,80,61,77,77,41,77,32,56,55,66,40,56,73,65,55,35,51,47,54,70,77,"2,324"
Sam Dekker,Toronto Raptors,PF,,69,67,74,60,74,73,70,50,74,75,75,60,75,80,72,80,56,74,45,75,25,62,45,40,80,60,60,72,65,70,33,51,44,62,30,44,62,55,62,45,56,49,63,50,76,"2,306"
Dalano Banton,Toronto Raptors,SF,SG,69,62,62,60,64,87,60,40,75,76,76,66,75,80,75,80,55,79,30,65,30,45,48,65,80,71,74,70,72,76,63,54,40,60,43,47,72,60,62,50,43,37,48,45,74,"2,336"
David Johnson,Toronto Raptors,PG,,68,77,72,70,74,70,96,80,79,85,85,58,82,80,80,80,48,72,25,65,25,46,27,40,85,82,86,86,80,85,71,47,33,58,48,42,71,52,40,35,40,35,45,30,77,"2,371"
Justin Champagnie,Toronto Raptors,SF,SG,67,63,70,67,71,71,60,40,73,73,73,40,78,80,90,80,58,74,65,75,48,44,40,45,75,60,62,65,66,62,44,52,49,52,50,52,68,55,52,40,68,68,68,30,73,"2,315"
Rudy Gobert,Utah Jazz,C,,89,65,70,63,25,62,98,70,68,48,25,87,57,90,85,81,75,79,95,75,70,58,70,70,85,43,68,35,25,58,31,77,97,64,36,91,65,97,74,95,88,81,95,95,88,"2,658"
Donovan Mitchell,Utah Jazz,SG,PG,88,89,88,80,86,85,98,95,87,96,90,60,97,96,90,80,66,89,50,92,25,44,38,93,98,82,79,88,83,85,75,75,68,79,82,49,86,79,79,75,48,45,51,98,92,"2,963"
Mike Conley,Utah Jazz,PG,,83,87,89,82,85,85,90,90,79,83,84,40,92,85,85,82,48,76,25,30,25,40,29,75,84,86,92,89,83,92,75,68,31,83,70,37,82,83,80,80,43,38,48,70,85,"2,674"
Bojan Bogdanovic,Utah Jazz,PF,SF,79,77,85,71,85,87,65,70,73,67,62,60,72,93,75,84,60,73,40,70,49,60,64,50,70,67,77,74,66,82,37,60,54,78,37,27,77,75,62,70,44,35,52,75,80,"2,510"
Joe Ingles,Utah Jazz,SF,SG,79,87,94,76,88,84,95,85,71,66,67,64,60,92,70,80,53,80,40,45,50,55,48,37,70,74,80,70,60,86,72,68,58,84,40,37,83,85,78,80,44,33,54,75,80,"2,601"
Jordan Clarkson,Utah Jazz,SG,SF,79,86,90,72,80,92,95,85,78,79,82,54,85,80,85,83,58,86,25,75,30,37,38,89,82,76,79,86,79,77,60,51,43,65,46,35,73,58,49,40,48,39,57,80,79,"2,569"
Rudy Gay,Utah Jazz,PF,SF,78,81,85,74,82,79,85,80,78,73,77,65,81,94,79,76,70,73,55,70,68,75,80,60,76,63,70,78,71,56,39,59,68,61,46,65,76,66,51,35,60,41,78,70,78,"2,636"
Hassan Whiteside,Utah Jazz,C,,78,58,85,76,39,52,50,45,68,66,57,86,60,70,70,66,72,70,85,71,78,62,77,50,80,41,60,35,30,50,31,66,80,53,35,92,48,81,60,75,87,81,93,35,78,"2,412"
Royce O’Neale,Utah Jazz,SF,PF,76,66,81,67,84,86,50,30,71,62,62,67,65,80,80,82,62,74,55,70,54,52,59,59,75,59,60,68,62,63,41,70,68,83,40,51,83,84,68,80,59,47,70,95,76,"2,533"
Eric Paschall,Utah Jazz,PF,C,75,78,88,90,75,73,75,65,80,71,70,69,87,85,95,80,73,80,70,80,65,64,62,70,95,61,57,77,64,62,43,52,64,65,35,47,63,65,40,40,55,46,63,45,79,"2,564"
Jared Butler,Utah Jazz,SG,PG,70,74,80,65,75,78,78,65,76,80,80,50,78,83,80,80,53,74,25,65,28,41,37,60,95,71,69,78,80,68,61,50,30,60,49,37,74,55,47,50,40,32,47,85,76,"2,395"
Udoka Azubuike,Utah Jazz,C,,70,41,64,34,25,44,50,30,79,72,70,80,93,79,75,83,55,70,85,75,44,45,48,40,35,33,25,35,44,34,27,58,76,44,31,77,51,74,54,55,76,76,75,25,76,"2,120"
Miye Oni,Utah Jazz,SG,SF,70,68,70,66,75,79,70,50,75,82,81,46,82,80,75,80,52,69,30,70,48,44,38,37,80,61,64,69,73,68,33,58,55,69,37,51,73,68,64,45,52,49,54,85,74,"2,383"
Elijah Hughes,Utah Jazz,SF,SG,69,72,69,72,76,77,75,65,75,75,75,55,78,85,75,84,59,69,45,70,57,57,41,51,82,59,57,72,68,47,49,52,49,64,46,40,69,57,52,40,44,33,54,35,76,"2,341"
Trent Forrest,Utah Jazz,PG,SG,69,72,72,52,63,85,97,60,77,82,82,59,75,80,80,80,65,70,40,60,59,62,62,72,95,72,70,76,78,68,69,55,58,60,43,51,70,60,55,40,49,45,52,50,70,"2,502"
Malik Fitts,Utah Jazz,SF,,68,62,70,74,75,78,44,30,70,65,65,50,70,80,80,79,57,68,60,70,44,44,54,40,74,49,38,60,62,55,30,65,68,69,54,70,69,70,68,50,69,69,68,35,70,"2,319"
Bradley Beal,Washington Wizards,SG,PG,89,93,97,93,84,90,95,98,81,76,83,62,87,98,78,82,70,95,30,84,55,55,54,95,92,80,82,88,76,85,70,57,45,66,43,47,75,75,65,40,47,42,51,95,90,"2,818"
Spencer Dinwiddie,Washington Wizards,PG,SG,83,84,79,71,78,78,98,98,73,82,82,45,75,95,56,77,59,78,35,45,40,48,42,88,98,86,88,88,82,90,81,59,42,74,37,47,77,68,59,70,41,33,48,70,83,"2,625"
Kyle Kuzma,Washington Wizards,SF,PF,80,74,79,73,79,69,70,75,78,72,74,74,75,85,80,83,66,80,75,75,52,55,55,47,85,65,66,77,67,78,39,57,61,63,36,58,71,65,44,55,63,56,69,75,79,"2,571"
Montrezl Harrell,Washington Wizards,C,PF,80,58,93,60,37,71,40,45,78,62,57,94,75,85,90,83,78,89,85,80,77,75,77,49,90,38,35,35,32,55,34,60,75,47,42,67,52,74,64,60,70,70,70,25,78,"2,429"
Thomas Bryant,Washington Wizards,C,PF,79,85,92,74,81,67,98,95,74,62,57,80,52,88,95,82,74,72,75,65,79,72,82,68,78,45,40,53,53,42,35,55,63,40,33,65,57,79,50,50,64,60,67,70,79,"2,550"
Rui Hachimura,Washington Wizards,PF,SF,78,80,89,83,80,77,78,75,80,72,74,79,80,90,85,80,74,73,80,80,74,70,72,60,85,55,51,72,67,54,32,49,60,54,38,32,67,59,50,35,52,39,65,70,82,"2,563"
Daniel Gafford,Washington Wizards,C,,78,70,90,65,29,63,95,80,78,75,70,73,80,80,89,80,74,79,85,75,69,67,70,75,70,41,37,42,44,52,30,64,70,57,43,95,59,76,50,65,78,84,72,50,78,"2,563"
Deni Avdija,Washington Wizards,SF,PF,75,70,89,75,75,64,70,45,78,73,73,65,79,89,85,84,59,73,40,75,57,54,59,30,85,64,68,78,69,75,32,59,62,69,40,50,74,65,58,55,55,34,76,85,82,"2,511"
Davis Bertans,Washington Wizards,PF,,75,82,78,70,86,88,95,75,65,57,55,64,52,80,80,68,64,69,65,65,43,66,52,65,88,46,38,72,47,45,29,53,64,40,37,42,63,69,58,50,42,31,52,50,79,"2,327"
Raul Neto,Washington Wizards,PG,SG,75,84,93,82,82,86,90,70,73,71,75,51,68,82,85,79,48,70,25,25,43,40,35,64,81,71,75,79,70,76,54,64,40,73,73,35,75,66,80,70,42,35,48,85,75,"2,506"
Corey Kispert,Washington Wizards,SF,SG,74,75,70,75,85,87,65,65,75,76,76,60,69,84,80,80,52,73,40,60,38,39,39,45,85,61,66,71,66,69,35,61,54,70,52,37,74,69,67,65,44,40,47,65,79,"2,417"
Kentavious Caldwell-Pope,Washington Wizards,SG,SF,74,74,72,68,82,85,70,65,80,85,82,60,69,92,85,84,55,76,35,73,35,58,35,45,80,70,75,75,80,82,37,69,45,84,46,51,84,82,82,80,40,33,47,65,75,"2,559"
Aaron Holiday,Washington Wizards,SG,PG,73,75,66,85,80,82,73,65,73,76,77,49,56,85,85,84,49,76,25,60,25,45,32,47,80,76,82,86,76,82,54,57,34,68,53,47,75,67,69,45,37,32,41,98,75,"2,437"
Anthony Gill,Washington Wizards,PF,,73,75,72,72,77,81,75,70,75,69,67,60,79,80,88,80,65,70,75,75,62,60,60,40,74,46,38,54,53,55,32,57,66,60,63,55,50,50,58,50,66,63,68,80,73,"2,454"
Isaiah Todd,Washington Wizards,PF,,70,65,69,70,74,76,60,40,72,60,60,70,80,80,75,80,65,70,70,80,62,62,62,34,80,55,59,69,52,57,39,51,55,52,35,50,65,58,54,40,57,55,59,70,77,"2,360"
Cassius Winston,Washington Wizards,PG,,69,76,76,75,82,85,75,65,67,66,66,52,52,80,70,83,39,74,25,30,25,25,25,40,70,73,77,80,66,80,63,45,25,54,36,47,65,52,50,30,37,25,49,70,74,"2,184"
